Fecha,Precio_Petroleo,Precio_Gas,Precio_Carbon,COP/USD
2017-09-27,52.14,97.25,2.979,2937.47
2017-09-26,51.88,97.0,2.918,2923.85
2017-09-25,52.22,96.95,2.919,2925.92
2017-09-22,50.66,97.2,2.959,2906.03
2017-09-21,50.55,97.3,2.9459999999999997,2915.71
2017-09-20,50.41,97.95,3.094,2891.6
2017-09-19,49.48,98.2,3.122,2903.38
2017-09-18,49.91,98.25,3.146,2907.81
2017-09-15,49.89,99.2,3.024,2897.36
2017-09-14,49.89,100.0,3.07,2899.32
2017-09-13,49.3,100.3,3.058,2911.52
2017-09-12,48.23,99.75,3.001,2908.76
2017-09-11,48.07,99.55,2.95,2922.75
2017-09-08,47.48,98.45,2.89,2907.0
2017-09-07,49.09,97.65,2.981,2906.65
2017-09-06,49.16,97.9,3.0,2913.0
2017-09-05,48.66,97.8,2.972,2934.0
2017-09-01,47.29,95.8,3.07,2931.3
2017-08-31,47.23,95.3,3.04,2946.39
2017-08-30,45.96,97.4,2.939,2953.38
2017-08-29,46.44,97.05,2.961,2935.72
2017-08-28,46.57,97.75,2.925,2947.4
2017-08-25,47.87,98.6,2.892,2926.31
2017-08-24,47.43,98.4,2.949,2960.63
2017-08-23,48.41,98.35,2.928,2981.86
2017-08-22,47.64,98.4,2.939,2984.93
2017-08-21,47.37,98.35,2.9619999999999997,2987.67
2017-08-18,48.51,98.3,2.893,2987.69
2017-08-17,47.09,98.05,2.9290000000000003,2990.43
2017-08-16,46.78,97.45,2.89,2968.91
2017-08-15,47.55,94.95,2.935,2966.06
2017-08-14,47.59,95.45,2.959,2966.63
2017-08-11,48.82,95.8,2.983,2977.49
2017-08-10,48.59,95.85,2.985,2997.03
2017-08-09,49.56,95.2,2.883,3002.36
2017-08-08,49.17,94.05,2.822,2996.7
2017-08-07,49.39,95.0,2.801,2983.05
2017-08-04,49.58,95.35,2.774,2986.96
2017-08-03,49.03,94.55,2.8,2953.7
2017-08-02,49.59,95.05,2.811,2963.24
2017-08-01,49.16,94.7,2.819,2968.74
2017-07-31,50.17,93.2,2.794,2985.98
2017-07-28,49.71,87.2,2.941,3000.72
2017-07-27,49.04,87.3,2.969,3013.06
2017-07-26,48.75,87.25,2.924,3017.93
2017-07-25,47.89,86.8,2.944,3030.8
2017-07-24,46.34,86.35,2.899,3030.2
2017-07-21,45.77,86.45,2.9699999999999998,3014.29
2017-07-20,46.79,86.7,3.043,3000.46
2017-07-19,47.12,85.85,3.066,3004.14
2017-07-18,46.4,85.55,3.088,3011.85
2017-07-17,46.02,84.3,3.02,3030.64
2017-07-14,46.54,83.95,2.98,3027.8
2017-07-13,46.08,83.8,2.961,3044.94
2017-07-12,45.49,83.2,2.985,3049.92
2017-07-11,45.04,83.35,3.047,3073.79
2017-07-10,44.4,82.35,2.9290000000000003,3062.23
2017-07-07,44.23,82.55,2.864,3088.37
2017-07-06,45.52,83.2,2.888,3094.68
2017-07-05,45.13,83.05,2.84,3084.66
2017-07-03,47.07,79.45,2.951,3046.0
2017-06-30,46.04,81.0,3.035,3045.67
2017-06-29,44.93,80.95,3.042,3047.52
2017-06-28,44.74,80.65,3.067,3018.94
2017-06-27,44.24,80.6,3.037,3029.46
2017-06-26,43.38,80.55,3.027,3021.02
2017-06-23,43.01,80.65,2.9290000000000003,3023.5
2017-06-22,42.74,80.6,2.894,3027.61
2017-06-21,42.53,80.7,2.893,3058.2
2017-06-20,43.23,80.75,2.907,3033.03
2017-06-19,44.2,81.2,2.894,2975.84
2017-06-16,44.74,80.85,3.037,2974.82
2017-06-15,44.46,80.8,3.056,2951.73
2017-06-14,44.73,80.5,2.933,2934.8
2017-06-13,46.46,80.85,2.966,2933.0
2017-06-12,46.08,79.45,3.024,2932.1
2017-06-09,45.83,79.45,3.039,2917.29
2017-06-08,45.64,79.3,3.028,2919.29
2017-06-07,45.72,78.45,3.02,2916.26
2017-06-06,48.19,76.95,3.042,2893.69
2017-06-05,47.4,75.9,2.982,2898.05
2017-06-02,47.66,76.0,2.999,2895.62
2017-06-01,48.36,74.5,3.008,2893.34
2017-05-31,48.32,73.45,3.071,2916.3
2017-05-30,49.66,74.1,3.145,2918.92
2017-05-26,49.8,74.45,3.2359999999999998,2910.93
2017-05-25,48.9,74.45,3.184,2918.66
2017-05-24,51.36,74.45,3.209,2907.94
2017-05-23,51.47,74.35,3.219,2908.63
2017-05-22,50.73,74.8,3.33,2905.41
2017-05-19,50.33,74.25,3.2560000000000002,2885.21
2017-05-18,49.35,74.05,3.182,2926.46
2017-05-17,49.07,73.8,3.192,2898.24
2017-05-16,48.66,73.25,3.23,2881.62
2017-05-15,48.85,73.3,3.349,2893.56
2017-05-12,47.84,73.6,3.424,2918.33
2017-05-11,47.83,73.3,3.376,2928.46
2017-05-10,47.33,74.1,3.292,2944.1
2017-05-09,45.88,73.85,3.227,2969.75
2017-05-08,46.43,74.2,3.172,2960.99
2017-05-05,46.22,78.0,3.266,2949.26
2017-05-04,45.52,78.0,3.186,2979.57
2017-05-03,47.82,78.0,3.228,2930.43
2017-05-02,47.66,79.0,3.195,2942.43
2017-05-01,48.84,79.4,3.215,2942.0
2017-04-28,49.33,83.55,3.276,2943.0
2017-04-27,48.97,84.8,3.239,2937.51
2017-04-26,49.62,83.8,3.142,2930.69
2017-04-25,49.56,83.85,3.043,2902.5
2017-04-24,49.23,83.9,3.066,2873.45
2017-04-21,49.62,84.2,3.101,2878.36
2017-04-20,50.27,84.15,3.159,2851.9
2017-04-19,50.44,84.1,3.185,2869.55
2017-04-18,52.41,84.35,3.145,2839.01
2017-04-17,52.65,84.15,3.163,2853.18
2017-04-13,53.18,84.15,3.227,2869.25
2017-04-12,53.11,84.55,3.187,2871.84
2017-04-11,53.4,84.85,3.15,2875.88
2017-04-10,53.08,86.75,3.238,2865.18
2017-04-07,52.24,88.2,3.261,2862.73
2017-04-06,51.7,89.65,3.331,2855.96
2017-04-05,51.15,89.45,3.266,2859.55
2017-04-04,51.03,89.75,3.293,2865.58
2017-04-03,50.24,89.5,3.128,2869.28
2017-03-31,50.6,80.75,3.19,2873.98
2017-03-30,50.35,80.7,3.191,2883.78
2017-03-29,49.51,80.75,3.175,2881.9
2017-03-28,48.37,80.75,3.096,2908.38
2017-03-27,47.73,80.95,3.052,2919.0
2017-03-24,47.97,80.95,3.076,2897.71
2017-03-23,47.7,80.95,3.051,2918.43
2017-03-22,48.04,80.4,3.011,2921.24
2017-03-21,47.34,80.55,3.093,2917.87
2017-03-20,48.22,80.9,3.041,2913.05
2017-03-17,48.78,81.3,2.948,2913.56
2017-03-16,48.75,81.1,2.902,2922.1
2017-03-15,48.86,81.65,2.981,2970.56
2017-03-14,47.72,80.9,2.9379999999999997,2997.25
2017-03-13,48.4,81.1,3.043,2984.1
2017-03-10,48.49,78.75,3.008,2983.5
2017-03-09,49.28,78.2,2.974,2998.06
2017-03-08,50.28,78.65,2.901,2994.38
2017-03-07,53.14,79.25,2.824,2955.66
2017-03-06,53.2,80.2,2.901,2971.88
2017-03-03,53.33,80.95,2.827,2981.66
2017-03-02,52.61,82.2,2.8040000000000003,2980.96
2017-03-01,53.83,82.75,2.799,2935.23
2017-02-28,54.01,83.45,2.774,2925.82
2017-02-27,54.05,83.5,2.693,2896.94
2017-02-24,53.99,80.0,2.627,2890.09
2017-02-23,54.45,79.8,2.617,2869.01
2017-02-22,53.59,79.75,2.592,2895.12
2017-02-21,54.06,80.15,2.564,2901.46
2017-02-17,53.4,79.9,2.834,2891.56
2017-02-16,53.36,80.0,2.854,2876.4
2017-02-15,53.11,80.0,2.925,2871.73
2017-02-14,53.2,79.9,2.9050000000000002,2874.52
2017-02-13,52.93,79.9,2.944,2874.05
2017-02-10,53.86,80.05,3.034,2853.98
2017-02-09,53.0,79.75,3.141,2860.58
2017-02-08,52.34,79.4,3.126,2880.69
2017-02-07,52.17,80.4,3.13,2854.21
2017-02-06,53.01,81.3,3.05,2856.4
2017-02-03,53.83,83.0,3.063,2851.94
2017-02-02,53.54,82.75,3.187,2878.14
2017-02-01,53.88,82.7,3.168,2905.33
2017-01-31,52.81,83.0,3.117,2923.38
2017-01-30,52.63,83.55,3.232,2932.5
2017-01-27,53.17,83.75,3.391,2932.5
2017-01-26,53.78,83.6,3.382,2940.0
2017-01-25,52.75,83.7,3.332,2926.45
2017-01-24,53.18,83.75,3.279,2930.75
2017-01-23,52.75,83.65,3.243,2928.2
2017-01-20,52.42,83.8,3.204,2920.63
2017-01-19,51.37,83.45,3.368,2947.79
2017-01-18,51.08,83.85,3.302,2933.6
2017-01-17,52.48,84.55,3.412,2919.41
2017-01-13,52.37,83.5,3.419,2947.25
2017-01-12,53.01,84.05,3.386,2924.16
2017-01-11,52.25,82.15,3.224,2973.78
2017-01-10,50.82,81.5,3.278,2954.5
2017-01-09,51.96,82.05,3.103,2929.0
2017-01-06,53.99,83.5,3.285,2923.26
2017-01-05,53.76,85.7,3.273,2930.82
2017-01-04,53.26,88.6,3.267,2969.45
2017-01-03,52.33,90.5,3.327,2984.1
2016-12-30,53.72,88.4,3.724,3002.0
2016-12-29,53.77,88.25,3.802,3002.73
2016-12-28,54.06,87.65,3.93,3027.99
2016-12-27,53.9,86.6,3.761,2997.6
2016-12-23,53.02,86.6,3.662,3000.43
2016-12-22,52.95,86.75,3.5380000000000003,2996.25
2016-12-21,52.49,86.9,3.542,2995.82
2016-12-20,52.23,87.0,3.263,2995.42
2016-12-19,52.12,86.2,3.392,3006.75
2016-12-16,51.9,86.5,3.415,3007.98
2016-12-15,50.9,88.85,3.434,3002.18
2016-12-14,51.04,87.55,3.54,2962.29
2016-12-13,52.98,86.0,3.474,2971.5
2016-12-12,52.83,85.7,3.507,2993.32
2016-12-09,51.5,84.35,3.746,3006.21
2016-12-08,50.84,84.0,3.695,3004.0
2016-12-07,49.77,83.0,3.6029999999999998,3004.43
2016-12-06,50.93,84.0,3.635,3002.81
2016-12-05,51.79,86.8,3.654,3038.4
2016-12-02,51.68,87.4,3.436,3088.4
2016-12-01,51.06,87.7,3.505,3072.94
2016-11-30,49.44,87.45,3.352,3073.67
2016-11-29,45.23,88.5,3.315,3160.72
2016-11-28,47.08,92.25,3.232,3150.54
2016-11-25,46.06,103.75,3.085,3173.0
2016-11-23,47.96,103.3,3.026,3173.95
2016-11-22,48.03,106.3,2.982,3151.69
2016-11-21,47.49,105.1,2.95,3149.19
2016-11-18,45.69,105.1,2.843,3182.2
2016-11-17,45.42,106.25,2.703,3158.61
2016-11-16,45.57,104.9,2.7640000000000002,3132.47
2016-11-15,45.81,106.45,2.709,3120.27
2016-11-14,43.32,105.35,2.749,3123.81
2016-11-11,43.41,109.85,2.6189999999999998,3044.48
2016-11-10,44.66,111.4,2.632,3117.48
2016-11-09,45.27,111.4,2.69,3000.67
2016-11-08,44.98,112.1,2.633,2952.16
2016-11-07,44.89,111.95,2.816,3039.9
2016-11-04,44.07,108.65,2.767,3060.5
2016-11-03,44.66,106.5,2.769,3072.67
2016-11-02,45.34,112.35,2.792,3071.55
2016-11-01,46.67,114.75,2.902,3047.27
2016-10-31,46.86,108.6,3.026,3006.78
2016-10-28,48.7,93.95,3.105,2988.38
2016-10-27,49.72,94.1,2.7640000000000002,2960.29
2016-10-26,49.18,93.55,2.731,2971.75
2016-10-25,49.96,93.2,2.774,2936.2
2016-10-24,50.52,92.8,2.831,2938.57
2016-10-21,50.85,92.8,2.993,2933.17
2016-10-20,50.43,91.3,3.141,2930.15
2016-10-19,51.6,91.4,3.17,2917.16
2016-10-18,50.29,92.7,3.263,2906.46
2016-10-17,49.94,90.95,3.2439999999999998,2920.0
2016-10-14,50.35,89.45,3.285,2922.08
2016-10-13,50.44,88.0,3.341,2918.27
2016-10-12,50.18,86.0,3.21,2904.71
2016-10-11,50.79,84.4,3.237,2921.48
2016-10-07,49.81,84.45,3.193,2927.14
2016-10-06,50.44,84.8,3.049,2904.18
2016-10-05,49.83,83.6,3.041,2929.37
2016-10-04,48.69,83.15,2.964,2976.34
2016-10-03,48.81,81.1,2.923,2931.17
2016-09-30,48.24,72.2,2.906,2882.06
2016-09-29,47.83,72.15,2.959,2893.47
2016-09-28,47.05,72.6,2.952,2911.7
2016-09-27,44.67,71.9,2.996,2887.8
2016-09-26,45.93,71.8,2.997,2921.99
2016-09-23,44.48,71.95,2.955,2917.0
2016-09-22,46.32,71.5,2.99,2883.08
2016-09-21,45.34,72.65,3.057,2893.66
2016-09-20,43.44,71.65,3.047,2915.79
2016-09-19,43.3,71.25,2.934,2920.02
2016-09-16,43.03,71.15,2.948,2958.0
2016-09-15,43.91,70.95,2.927,2928.61
2016-09-14,43.58,70.15,2.8890000000000002,2949.72
2016-09-13,44.9,70.15,2.909,2976.47
2016-09-12,46.29,70.0,2.915,2938.07
2016-09-09,45.88,69.7,2.797,2919.28
2016-09-08,47.62,69.6,2.806,2843.04
2016-09-07,45.5,69.8,2.676,2860.82
2016-09-06,44.83,70.75,2.717,2866.25
2016-09-02,44.44,69.15,2.792,2936.51
2016-09-01,43.16,69.05,2.792,2991.57
2016-08-31,44.7,68.75,2.887,2972.0
2016-08-30,46.35,68.0,2.827,2942.61
2016-08-29,46.98,66.95,2.8529999999999998,2917.31
2016-08-26,47.64,67.15,2.871,2890.82
2016-08-25,47.33,67.45,2.846,2897.58
2016-08-24,46.77,67.0,2.7960000000000003,2942.09
2016-08-23,48.1,67.1,2.761,2922.5
2016-08-22,47.05,68.15,2.6790000000000003,2889.35
2016-08-19,48.52,67.55,2.584,2857.79
2016-08-18,48.22,67.05,2.674,2880.18
2016-08-17,46.79,68.1,2.6189999999999998,2911.44
2016-08-16,46.58,67.6,2.617,2902.25
2016-08-15,45.74,67.6,2.59,2929.01
2016-08-12,44.49,68.3,2.586,2930.45
2016-08-11,43.49,67.85,2.551,2891.5
2016-08-10,41.71,66.3,2.561,2942.26
2016-08-09,42.77,67.0,2.615,2985.31
2016-08-08,43.02,67.25,2.748,2998.43
2016-08-05,41.8,65.0,2.7720000000000002,3038.0
2016-08-04,41.93,65.0,2.834,3083.09
2016-08-03,40.83,67.3,2.839,3094.96
2016-08-02,39.51,67.6,2.733,3102.31
2016-08-01,40.06,67.7,2.771,3088.16
2016-07-29,41.6,61.15,2.876,3071.3
2016-07-28,41.14,61.25,2.873,3094.0
2016-07-27,41.92,61.2,2.672,3084.86
2016-07-26,42.92,61.05,2.7119999999999997,3058.42
2016-07-25,43.13,61.25,2.747,3011.71
2016-07-22,44.19,60.85,2.777,2950.65
2016-07-21,44.75,60.95,2.692,2942.13
2016-07-20,44.94,60.9,2.658,2928.49
2016-07-19,44.65,60.95,2.7279999999999998,2927.73
2016-07-18,45.24,60.85,2.722,2920.9
2016-07-15,45.95,61.3,2.7560000000000002,2923.35
2016-07-14,45.68,61.1,2.727,2916.66
2016-07-13,44.75,61.1,2.737,2936.1
2016-07-12,46.8,60.7,2.734,2919.17
2016-07-11,44.76,59.6,2.702,2936.32
2016-07-08,45.41,59.25,2.801,2933.33
2016-07-07,45.14,58.95,2.777,2987.22
2016-07-06,47.43,58.4,2.786,3001.7
2016-07-05,46.6,58.6,2.7640000000000002,2980.58
2016-07-01,48.99,58.15,2.987,2932.91
2016-06-30,48.33,56.95,2.924,2920.35
2016-06-29,49.88,55.65,2.863,2915.6
2016-06-28,47.85,55.25,2.917,2981.27
2016-06-27,46.33,54.05,2.716,3057.45
2016-06-24,47.64,52.9,2.662,2972.01
2016-06-23,50.11,52.95,2.698,2897.35
2016-06-22,49.13,52.95,2.677,2919.03
2016-06-21,48.85,52.75,2.768,2975.69
2016-06-20,49.37,52.85,2.747,2974.27
2016-06-17,47.98,52.55,2.623,3009.85
2016-06-16,46.21,52.6,2.58,3015.95
2016-06-15,48.01,52.45,2.5949999999999998,2977.28
2016-06-14,48.49,52.4,2.604,3006.94
2016-06-13,48.88,53.05,2.585,2997.61
2016-06-10,49.07,53.0,2.556,2971.0
2016-06-09,50.56,52.95,2.617,2939.16
2016-06-08,51.23,53.4,2.468,2924.52
2016-06-07,50.36,54.15,2.474,2941.89
2016-06-06,49.69,54.65,2.466,3020.0
2016-06-03,48.62,54.0,2.398,3019.43
2016-06-02,49.17,53.55,2.4050000000000002,3085.96
2016-06-01,49.01,53.1,2.3810000000000002,3112.9
2016-05-31,49.1,53.5,2.288,3090.18
2016-05-27,49.33,51.35,2.169,3071.1
2016-05-26,49.48,51.35,1.963,3052.09
2016-05-25,49.56,51.25,1.992,3061.0
2016-05-24,48.62,51.0,1.98,3064.25
2016-05-23,48.08,50.95,2.055,3060.25
2016-05-20,47.75,50.95,2.062,3052.0
2016-05-19,48.16,50.95,2.039,3057.32
2016-05-18,48.19,50.85,2.001,3026.69
2016-05-17,48.31,50.85,2.048,3012.85
2016-05-16,47.72,50.65,2.029,3028.55
2016-05-13,46.21,50.55,2.096,2992.48
2016-05-12,46.7,50.35,2.155,2946.43
2016-05-11,46.23,50.4,2.173,2939.5
2016-05-10,44.66,50.2,2.158,2974.25
2016-05-09,43.44,50.2,2.098,2958.0
2016-05-06,44.66,50.65,2.101,2957.96
2016-05-05,44.32,50.8,2.076,2953.68
2016-05-04,43.78,50.8,2.141,2954.99
2016-05-03,43.65,50.8,2.086,2913.73
2016-05-02,44.78,51.0,2.042,2835.13
2016-04-29,45.92,50.75,2.178,2849.97
2016-04-28,46.03,51.0,2.078,2875.73
2016-04-27,45.33,50.95,1.995,2933.75
2016-04-26,44.04,51.05,2.032,2955.0
2016-04-25,42.64,51.0,2.063,2967.82
2016-04-22,43.73,51.0,2.14,2947.2
2016-04-21,43.18,50.5,2.068,2941.96
2016-04-20,42.63,50.6,2.069,2897.5
2016-04-19,41.08,50.6,2.088,2899.02
2016-04-18,39.78,50.8,1.94,2969.45
2016-04-15,40.36,50.85,1.9020000000000001,2997.21
2016-04-14,41.5,50.85,1.97,2994.65
2016-04-13,41.76,50.25,2.036,3007.95
2016-04-12,42.17,50.25,2.004,3019.0
2016-04-11,40.36,50.1,1.912,3053.77
2016-04-08,39.72,49.85,1.99,3090.01
2016-04-07,37.26,49.6,2.018,3107.26
2016-04-06,37.75,50.05,1.911,3081.13
2016-04-05,35.89,50.2,1.954,3084.1
2016-04-04,35.7,50.05,1.998,3063.79
2016-04-01,36.79,50.5,1.956,3037.1
2016-03-31,38.34,51.1,1.959,3002.2
2016-03-30,38.32,51.05,1.996,3014.24
2016-03-29,38.28,51.25,1.903,3058.5
2016-03-28,39.39,50.65,1.8479999999999999,3026.55
2016-03-24,39.46,52.3,1.806,3073.0
2016-03-23,39.79,52.2,1.794,3071.07
2016-03-22,41.45,51.75,1.863,3030.22
2016-03-21,39.91,52.0,1.8279999999999998,3073.0
2016-03-18,39.44,52.2,1.907,3073.0
2016-03-17,40.2,52.3,1.936,3073.6
2016-03-16,38.46,51.6,1.8679999999999999,3160.54
2016-03-15,36.34,51.65,1.851,3164.37
2016-03-14,37.18,51.95,1.819,3153.3
2016-03-11,38.5,51.5,1.822,3150.95
2016-03-10,37.84,51.2,1.788,3225.0
2016-03-09,38.29,51.3,1.752,3185.85
2016-03-08,36.5,51.1,1.712,3205.32
2016-03-07,37.9,51.0,1.69,3114.33
2016-03-04,35.92,51.0,1.666,3157.11
2016-03-03,34.57,51.1,1.639,3193.98
2016-03-02,34.66,50.5,1.678,3205.46
2016-03-01,34.4,50.85,1.742,3228.96
2016-02-29,33.75,50.5,1.7109999999999999,3292.8
2016-02-26,32.78,50.45,1.791,3342.05
2016-02-25,33.07,50.35,1.7109999999999999,3313.67
2016-02-24,32.15,50.35,1.778,3340.35
2016-02-23,31.87,50.3,1.782,3327.71
2016-02-22,31.48,50.3,1.821,3310.8
2016-02-19,29.64,50.5,1.804,3356.25
2016-02-18,30.77,50.9,1.8519999999999999,3343.69
2016-02-17,30.66,50.85,1.942,3360.98
2016-02-16,29.04,50.7,1.903,3415.51
2016-02-12,29.44,50.7,1.966,3382.94
2016-02-11,26.21,50.7,1.994,3440.0
2016-02-10,27.45,50.4,2.046,3391.75
2016-02-09,27.94,50.45,2.098,3393.55
2016-02-08,29.69,51.5,2.14,3369.42
2016-02-05,30.89,51.6,2.063,3333.49
2016-02-04,31.72,50.95,1.972,3319.7
2016-02-03,32.28,50.45,2.038,3374.96
2016-02-02,29.88,50.4,2.025,3394.08
2016-02-01,31.62,49.95,2.152,3327.53
2016-01-29,33.62,48.8,2.298,3284.99
2016-01-28,33.22,48.85,2.182,3281.78
2016-01-27,32.3,48.8,2.189,3354.89
2016-01-26,31.45,49.25,2.18,3365.5
2016-01-25,30.34,48.95,2.158,3398.0
2016-01-22,32.19,49.0,2.1390000000000002,3308.6
2016-01-21,29.53,49.0,2.138,3318.61
2016-01-20,26.55,49.0,2.118,3395.0
2016-01-19,28.46,48.85,2.091,3309.63
2016-01-15,29.42,49.15,2.1,3301.59
2016-01-14,31.2,49.2,2.1390000000000002,3231.2
2016-01-13,30.48,48.85,2.269,3254.96
2016-01-12,30.44,49.1,2.257,3275.4
2016-01-11,31.41,49.3,2.396,3265.01
2016-01-08,33.16,50.25,2.472,3267.05
2016-01-07,33.27,51.25,2.382,3279.9
2016-01-06,33.97,51.5,2.267,3256.75
2016-01-05,35.97,50.25,2.325,3211.68
2016-01-04,36.76,49.9,2.334,3219.18
2015-12-31,37.04,50.6,2.337,3174.5
2015-12-30,36.6,50.9,2.214,3175.18
2015-12-29,37.87,50.95,2.372,3169.25
2015-12-28,36.81,51.4,2.228,3175.18
2015-12-24,38.1,52.1,2.029,3186.3
2015-12-23,37.5,52.1,1.983,3213.7
2015-12-22,36.14,52.05,1.888,3313.52
2015-12-21,34.74,52.05,1.911,3328.15
2015-12-18,34.73,52.2,1.767,3329.45
2015-12-17,34.95,52.25,1.755,3346.94
2015-12-16,35.52,52.35,1.79,3335.55
2015-12-15,37.35,52.35,1.822,3315.28
2015-12-14,36.31,52.2,1.8940000000000001,3350.5
2015-12-11,35.62,52.25,1.99,3331.0
2015-12-10,36.76,52.35,2.015,3248.05
2015-12-09,37.16,52.5,2.062,3284.55
2015-12-08,37.51,52.5,2.07,3308.5
2015-12-07,37.65,52.7,2.067,3307.53
2015-12-04,39.97,53.0,2.186,3201.91
2015-12-03,41.08,53.0,2.181,3143.99
2015-12-02,39.94,52.75,2.165,3163.04
2015-12-01,41.85,53.2,2.231,3124.02
2015-11-30,41.65,53.55,2.235,3146.25
2015-11-27,41.71,52.85,2.212,3105.93
2015-11-25,43.04,52.8,2.206,3086.0
2015-11-24,42.87,53.1,2.2,3068.77
2015-11-23,41.75,52.7,2.21,3094.5
2015-11-20,40.39,52.9,2.145,3063.0
2015-11-19,40.54,52.75,2.276,3074.08
2015-11-18,40.75,52.75,2.347,3103.6
2015-11-17,40.67,52.7,2.371,3080.87
2015-11-16,41.74,52.55,2.385,3076.16
2015-11-13,40.74,52.4,2.3609999999999998,3075.27
2015-11-12,41.75,52.15,2.26,3036.84
2015-11-11,42.93,52.15,2.263,2942.0
2015-11-10,44.21,52.15,2.32,2941.66
2015-11-09,43.87,52.35,2.3,2926.0
2015-11-06,44.29,52.15,2.371,2891.48
2015-11-05,45.2,52.3,2.364,2858.5
2015-11-04,46.32,52.3,2.262,2835.43
2015-11-03,47.9,52.75,2.253,2799.19
2015-11-02,46.14,52.85,2.2560000000000002,2896.5
2015-10-30,46.59,53.05,2.321,2896.6
2015-10-29,46.06,53.2,2.257,2915.45
2015-10-28,45.94,52.9,2.033,2918.85
2015-10-27,43.2,52.8,2.092,2948.46
2015-10-26,43.98,52.9,2.062,2928.5
2015-10-23,44.6,52.8,2.286,2915.6
2015-10-22,45.38,52.95,2.386,2904.19
2015-10-21,45.2,53.25,2.404,2960.45
2015-10-20,45.55,53.2,2.476,2935.47
2015-10-19,45.89,53.05,2.442,2918.91
2015-10-16,47.26,53.1,2.43,2883.53
2015-10-15,46.38,53.15,2.453,2894.09
2015-10-14,46.64,53.05,2.518,2926.0
2015-10-13,46.66,53.2,2.498,2912.0
2015-10-12,47.1,52.95,2.535,2869.1
2015-10-09,49.63,53.6,2.502,2869.11
2015-10-08,49.43,53.7,2.498,2870.48
2015-10-07,47.81,53.85,2.474,2899.82
2015-10-06,48.53,53.65,2.4699999999999998,2913.71
2015-10-05,46.26,53.85,2.45,2962.45
2015-10-02,45.54,52.95,2.451,3019.41
2015-10-01,44.74,53.45,2.433,3062.52
2015-09-30,45.09,53.85,2.524,3087.44
2015-09-29,45.23,55.15,2.586,3110.82
2015-09-28,44.43,55.45,2.5629999999999997,3121.08
2015-09-25,45.7,57.55,2.564,3073.83
2015-09-24,44.91,57.65,2.591,3107.05
2015-09-23,44.48,57.65,2.569,3117.17
2015-09-22,45.83,57.7,2.577,3072.58
2015-09-21,46.68,57.75,2.573,3009.15
2015-09-18,44.68,57.8,2.605,2984.5
2015-09-17,46.9,57.85,2.652,2980.32
2015-09-16,47.15,57.9,2.66,2966.29
2015-09-15,44.59,57.65,2.7279999999999998,3024.35
2015-09-14,44.0,57.65,2.758,3028.35
2015-09-11,44.63,57.7,2.693,3043.0
2015-09-10,45.92,57.8,2.683,3050.5
2015-09-09,44.15,57.8,2.651,3113.02
2015-09-08,45.94,58.1,2.71,3114.37
2015-09-04,46.05,59.05,2.6550000000000002,3126.3
2015-09-03,46.75,59.4,2.725,3108.73
2015-09-02,46.25,59.65,2.648,3172.7
2015-09-01,45.41,59.65,2.702,3112.85
2015-08-31,49.2,58.4,2.689,3052.5
2015-08-28,45.22,58.5,2.715,3075.72
2015-08-27,42.56,58.4,2.638,3163.0
2015-08-26,38.6,58.6,2.693,3261.45
2015-08-25,39.31,58.55,2.685,3208.5
2015-08-24,38.24,58.5,2.65,3237.38
2015-08-21,40.45,58.8,2.676,3107.65
2015-08-20,41.14,58.9,2.755,3062.0
2015-08-19,40.8,58.85,2.716,3022.94
2015-08-18,42.62,58.95,2.7039999999999997,3003.65
2015-08-17,41.87,59.15,2.7279999999999998,2998.0
2015-08-14,42.5,59.35,2.801,2993.2
2015-08-13,42.23,59.25,2.787,2983.05
2015-08-12,43.3,59.4,2.931,2939.59
2015-08-11,43.08,59.85,2.844,2943.07
2015-08-10,44.96,60.1,2.842,2908.34
2015-08-07,43.87,60.05,2.798,2937.5
2015-08-06,44.66,60.35,2.8129999999999997,2938.97
2015-08-05,45.15,59.95,2.798,2950.75
2015-08-04,45.74,59.15,2.8120000000000003,2923.0
2015-08-03,45.17,58.6,2.748,2917.95
2015-07-31,47.12,60.3,2.716,2880.38
2015-07-30,48.52,60.25,2.768,2876.75
2015-07-29,48.79,60.25,2.886,2849.5
2015-07-28,47.98,60.25,2.8209999999999997,2860.63
2015-07-27,47.39,60.35,2.789,2861.11
2015-07-24,48.14,60.4,2.776,2852.76
2015-07-23,48.45,60.35,2.816,2833.97
2015-07-22,49.19,60.45,2.8970000000000002,2790.47
2015-07-21,50.36,60.45,2.882,2769.89
2015-07-20,50.15,60.55,2.823,2761.79
2015-07-17,50.89,60.3,2.87,2760.95
2015-07-16,50.91,60.45,2.854,2737.81
2015-07-15,51.41,60.5,2.918,2715.99
2015-07-14,53.04,60.35,2.84,2686.67
2015-07-13,52.2,60.35,2.864,2685.7
2015-07-10,52.74,60.3,2.77,2673.2
2015-07-09,52.78,60.05,2.726,2674.7
2015-07-08,51.65,59.75,2.685,2683.6
2015-07-07,52.33,59.45,2.716,2691.97
2015-07-06,52.53,60.05,2.7560000000000002,2670.3
2015-07-02,56.93,60.4,2.822,2632.96
2015-07-01,56.96,60.55,2.783,2639.5
2015-06-30,59.47,60.8,2.832,2606.0
2015-06-29,58.33,60.45,2.805,2590.4
2015-06-26,59.63,60.2,2.773,2584.09
2015-06-25,59.7,60.15,2.85,2560.65
2015-06-24,60.27,60.2,2.759,2559.5
2015-06-23,61.01,60.2,2.726,2552.2
2015-06-22,59.68,60.2,2.733,2535.8
2015-06-19,59.61,60.2,2.816,2553.4
2015-06-18,60.45,60.15,2.777,2542.07
2015-06-17,59.92,60.4,2.855,2550.45
2015-06-16,59.97,60.4,2.894,2538.31
2015-06-15,59.52,60.3,2.8890000000000002,2536.5
2015-06-12,59.96,60.0,2.75,2526.56
2015-06-11,60.77,60.4,2.825,2531.98
2015-06-10,61.43,59.5,2.891,2527.1
2015-06-09,60.14,58.35,2.846,2556.6
2015-06-08,58.14,58.1,2.705,2607.5
2015-06-05,59.13,58.1,2.59,2623.18
2015-06-04,58.0,58.05,2.626,2589.28
2015-06-03,59.64,57.95,2.634,2578.15
2015-06-02,61.26,57.75,2.698,2558.42
2015-06-01,60.2,57.2,2.649,2562.05
2015-05-29,60.3,60.05,2.642,2532.27
2015-05-28,57.68,60.1,2.706,2537.25
2015-05-27,57.51,60.1,2.815,2535.2
2015-05-26,58.03,60.05,2.822,2546.05
2015-05-22,59.72,60.0,2.887,2491.31
2015-05-21,60.72,60.3,2.949,2481.97
2015-05-20,58.98,60.15,2.915,2496.6
2015-05-19,57.26,60.15,2.948,2486.5
2015-05-18,59.43,60.65,3.01,2433.0
2015-05-15,59.69,61.3,3.016,2414.5
2015-05-14,59.88,61.5,3.008,2389.93
2015-05-13,60.5,61.4,2.935,2389.3
2015-05-12,60.75,61.4,2.8970000000000002,2382.25
2015-05-11,59.25,61.6,2.802,2386.94
2015-05-08,59.39,61.85,2.88,2355.02
2015-05-07,58.94,61.85,2.734,2371.06
2015-05-06,60.93,62.3,2.776,2360.27
2015-05-05,60.4,62.5,2.7800000000000002,2390.12
2015-05-04,58.93,62.2,2.8209999999999997,2405.8
2015-05-01,59.15,62.2,2.776,2391.5
2015-04-30,59.63,62.05,2.751,2382.6
2015-04-29,58.58,61.9,2.606,2379.25
2015-04-28,57.06,61.95,2.517,2399.1
2015-04-27,56.99,61.65,2.49,2412.45
2015-04-24,57.15,58.55,2.531,2453.6
2015-04-23,57.74,58.4,2.531,2468.44
2015-04-22,56.16,58.3,2.606,2490.1
2015-04-21,55.26,58.3,2.575,2470.6
2015-04-20,56.38,57.4,2.536,2486.09
2015-04-17,55.74,57.9,2.634,2499.73
2015-04-16,56.71,56.8,2.684,2482.52
2015-04-15,56.39,55.7,2.61,2508.3
2015-04-14,53.29,55.4,2.5300000000000002,2556.21
2015-04-13,51.91,55.0,2.511,2558.1
2015-04-10,51.64,54.65,2.511,2508.65
2015-04-09,50.79,55.3,2.528,2497.86
2015-04-08,50.42,54.8,2.6189999999999998,2490.73
2015-04-07,53.98,55.0,2.68,2507.55
2015-04-06,52.14,55.6,2.65,2534.54
2015-04-02,49.14,55.6,2.713,2573.0
2015-04-01,50.09,56.0,2.605,2575.5
2015-03-31,47.6,56.8,2.64,2599.62
2015-03-30,48.68,57.2,2.644,2575.7
2015-03-27,48.87,63.3,2.59,2557.67
2015-03-26,51.43,63.35,2.672,2563.0
2015-03-25,49.21,63.25,2.723,2542.1
2015-03-24,47.51,62.75,2.786,2511.5
2015-03-23,47.45,62.4,2.733,2561.5
2015-03-20,45.72,64.05,2.786,2572.61
2015-03-19,43.96,64.35,2.8129999999999997,2629.46
2015-03-18,44.66,64.65,2.92,2629.35
2015-03-17,43.46,64.7,2.855,2659.71
2015-03-16,43.88,64.45,2.716,2687.79
2015-03-13,44.84,64.95,2.727,2669.65
2015-03-12,47.05,65.25,2.734,2628.11
2015-03-11,48.17,65.5,2.824,2624.65
2015-03-10,48.29,65.0,2.732,2628.29
2015-03-09,50.0,65.25,2.678,2607.68
2015-03-06,49.61,65.5,2.839,2584.69
2015-03-05,50.76,67.0,2.841,2547.1
2015-03-04,51.53,67.05,2.769,2541.43
2015-03-03,50.52,67.3,2.7119999999999997,2553.9
2015-03-02,49.59,70.55,2.698,2535.43
2015-02-27,49.76,71.05,2.734,2499.59
2015-02-26,48.17,71.1,2.697,2490.6
2015-02-25,50.99,69.9,2.894,2484.13
2015-02-24,49.28,71.05,2.902,2485.82
2015-02-23,49.45,70.85,2.879,2499.59
2015-02-20,50.34,70.8,2.951,2458.24
2015-02-19,51.16,70.25,2.834,2444.9
2015-02-18,52.14,70.65,2.831,2430.3
2015-02-17,53.53,70.55,2.759,2416.29
2015-02-13,52.78,69.6,2.8040000000000003,2384.6
2015-02-12,51.21,70.25,2.713,2388.3
2015-02-11,48.84,69.6,2.797,2424.45
2015-02-10,50.02,69.1,2.677,2382.0
2015-02-09,52.86,68.6,2.597,2366.07
2015-02-06,51.69,67.45,2.5789999999999997,2381.45
2015-02-05,50.48,67.1,2.6,2377.39
2015-02-04,48.45,66.8,2.662,2391.6
2015-02-03,53.05,66.85,2.754,2358.0
2015-02-02,49.57,64.5,2.68,2407.29
2015-01-30,48.24,63.1,2.691,2440.31
2015-01-29,44.53,62.75,2.719,2411.77
2015-01-28,44.45,62.75,2.866,2363.1
2015-01-27,46.23,62.0,2.981,2374.74
2015-01-26,45.15,61.9,2.8810000000000002,2390.02
2015-01-23,45.59,62.3,2.9859999999999998,2389.5
2015-01-22,46.31,62.5,2.835,2371.01
2015-01-21,47.78,62.3,2.974,2376.05
2015-01-20,46.39,61.35,2.831,2375.85
2015-01-16,48.69,60.55,3.127,2368.0
2015-01-15,46.25,60.3,3.158,2411.6
2015-01-14,48.48,60.05,3.233,2425.9
2015-01-13,45.89,60.3,2.943,2441.55
2015-01-12,46.07,60.05,2.795,2417.0
2015-01-09,48.36,60.4,2.9459999999999997,2416.97
2015-01-08,48.79,60.6,2.927,2397.0
2015-01-07,48.65,60.6,2.871,2427.85
2015-01-06,47.93,61.45,2.9379999999999997,2450.17
2015-01-05,50.04,61.25,2.882,2429.6
2015-01-02,52.69,61.3,3.003,2374.0
2014-12-31,53.27,62.3,2.8890000000000002,2376.51
2014-12-30,54.12,62.35,3.094,2378.64
2014-12-29,53.61,62.3,3.189,2385.75
2014-12-26,54.73,62.9,3.007,2367.35
2014-12-24,55.84,63.25,3.03,2358.13
2014-12-23,57.12,63.25,3.171,2344.25
2014-12-22,55.26,62.9,3.144,2327.25
2014-12-19,56.52,63.05,3.464,2296.15
2014-12-18,54.11,63.15,3.642,2323.48
2014-12-17,56.47,63.05,3.702,2398.98
2014-12-16,55.93,62.4,3.6189999999999998,2426.13
2014-12-15,55.91,62.95,3.719,2428.85
2014-12-12,57.81,63.05,3.795,2405.44
2014-12-11,59.95,62.9,3.634,2407.6
2014-12-10,60.94,62.65,3.706,2396.69
2014-12-09,63.82,62.55,3.652,2347.7
2014-12-08,63.05,62.4,3.5949999999999998,2317.5
2014-12-05,65.84,62.35,3.802,2317.6
2014-12-04,66.81,62.35,3.649,2279.6
2014-12-03,67.38,62.5,3.805,2286.9
2014-12-02,66.88,62.85,3.874,2296.59
2014-12-01,69.0,63.7,4.007,2265.0
2014-11-28,66.15,63.45,4.088,2217.05
2014-11-26,73.69,63.55,4.355,2163.2
2014-11-25,74.09,63.55,4.282,2158.84
2014-11-24,75.78,63.5,4.151,2159.55
2014-11-21,76.51,63.4,4.266,2146.45
2014-11-20,75.58,63.0,4.489,2156.1
2014-11-19,74.58,63.1,4.371,2159.6
2014-11-18,74.61,63.35,4.244,2149.85
2014-11-17,75.64,63.45,4.341,2159.38
2014-11-14,75.82,63.2,4.02,2157.81
2014-11-13,74.21,63.25,3.977,2146.66
2014-11-12,77.18,63.25,4.185,2122.65
2014-11-11,77.94,63.5,4.247,2106.0
2014-11-10,77.4,63.05,4.255,2108.53
2014-11-07,78.65,62.1,4.412,2098.92
2014-11-06,77.91,61.9,4.404,2099.2
2014-11-05,78.68,62.15,4.194,2074.83
2014-11-04,77.19,62.45,4.129,2076.1
2014-11-03,78.78,62.85,4.046,2063.8
2014-10-31,80.54,64.3,3.873,2057.6
2014-10-30,81.12,64.3,3.827,2050.09
2014-10-29,82.2,64.3,3.7279999999999998,2045.39
2014-10-28,81.42,64.35,3.649,2055.51
2014-10-27,81.0,64.35,3.561,2068.03
2014-10-24,81.01,64.35,3.623,2065.6
2014-10-23,82.09,64.45,3.622,2056.21
2014-10-22,80.52,64.45,3.659,2052.75
2014-10-21,82.81,63.9,3.711,2043.7
2014-10-20,82.71,63.9,3.67,2063.61
2014-10-17,82.75,64.1,3.766,2063.9
2014-10-16,82.7,64.15,3.7960000000000003,2068.78
2014-10-15,81.78,64.05,3.8,2068.28
2014-10-14,81.84,64.1,3.816,2049.03
2014-10-13,85.74,64.25,3.916,2046.5
2014-10-10,85.82,64.5,3.859,2049.19
2014-10-09,85.77,64.85,3.8449999999999998,2044.97
2014-10-08,87.31,65.3,3.855,2047.43
2014-10-07,88.85,65.1,3.957,2027.7
2014-10-06,90.34,64.85,3.898,2028.8
2014-10-03,89.74,64.65,4.039,2027.42
2014-10-02,91.01,65.0,3.932,2012.59
2014-10-01,90.73,64.7,4.023,2026.61
2014-09-30,91.16,64.65,4.121,2024.85
2014-09-29,94.57,64.55,4.154,2025.99
2014-09-26,93.54,66.3,3.984,2017.7
2014-09-25,92.53,66.15,3.971,2018.65
2014-09-24,92.8,66.25,3.911,2008.73
2014-09-23,91.56,66.2,3.816,1997.1
2014-09-22,91.52,66.2,3.85,1995.81
2014-09-19,92.41,66.1,3.8369999999999997,1971.8
2014-09-18,93.07,66.15,3.91,1970.07
2014-09-17,94.42,66.05,4.013,1973.83
2014-09-16,94.88,66.2,3.995,1973.79
2014-09-15,92.92,66.15,3.931,1988.03
2014-09-12,92.27,65.9,3.857,1997.03
2014-09-11,92.83,66.1,3.823,1981.38
2014-09-10,91.67,66.2,3.9539999999999997,1973.55
2014-09-09,92.75,66.15,3.984,1968.1
2014-09-08,92.66,66.35,3.876,1946.18
2014-09-05,93.29,66.1,3.793,1934.92
2014-09-04,94.45,66.55,3.819,1934.89
2014-09-03,95.54,67.05,3.847,1922.77
2014-09-02,92.88,67.35,3.89,1931.1
2014-08-29,95.96,69.25,4.065,1920.58
2014-08-28,94.55,69.1,4.044,1926.86
2014-08-27,93.88,69.3,3.957,1929.14
2014-08-26,93.86,69.35,3.911,1931.76
2014-08-25,93.35,69.25,3.9370000000000003,1935.54
2014-08-22,93.65,69.25,3.84,1924.21
2014-08-21,93.96,69.75,3.8890000000000002,1918.6
2014-08-20,96.07,69.8,3.823,1917.13
2014-08-19,94.48,70.0,3.877,1900.95
2014-08-18,96.41,70.2,3.792,1887.3
2014-08-15,97.35,70.25,3.776,1884.38
2014-08-14,95.58,69.75,3.906,1881.7
2014-08-13,97.59,70.05,3.831,1881.55
2014-08-12,97.37,69.85,3.974,1876.25
2014-08-11,98.08,70.2,3.965,1881.7
2014-08-08,97.65,70.55,3.9619999999999997,1889.6
2014-08-07,97.34,70.3,3.876,1893.35
2014-08-06,96.92,69.95,3.933,1885.89
2014-08-05,97.38,69.75,3.8970000000000002,1893.4
2014-08-04,98.29,69.35,3.834,1882.55
2014-08-01,97.88,68.95,3.798,1875.88
2014-07-31,98.17,68.95,3.841,1876.5
2014-07-30,100.27,69.55,3.786,1881.1
2014-07-29,100.97,70.15,3.808,1858.95
2014-07-28,101.67,69.9,3.747,1849.77
2014-07-25,102.09,69.3,3.781,1850.0
2014-07-24,102.07,69.3,3.847,1846.33
2014-07-23,103.12,69.25,3.762,1846.91
2014-07-22,104.42,69.1,3.7720000000000002,1845.8
2014-07-21,104.59,69.0,3.849,1856.7
2014-07-18,103.13,69.1,3.951,1869.13
2014-07-17,103.19,69.0,3.9539999999999997,1874.76
2014-07-16,101.2,68.9,4.119,1867.51
2014-07-15,99.96,69.5,4.097,1868.3
2014-07-14,100.91,69.5,4.147,1860.75
2014-07-11,100.83,69.65,4.146,1857.45
2014-07-10,102.93,69.8,4.12,1855.84
2014-07-09,102.29,69.85,4.17,1858.35
2014-07-08,103.4,69.9,4.204,1854.85
2014-07-07,103.53,70.0,4.225,1855.0
2014-07-03,104.06,70.05,4.406,1844.15
2014-07-02,104.48,70.75,4.357,1857.1
2014-07-01,105.34,70.7,4.455,1860.5
2014-06-30,105.37,71.1,4.461,1877.44
2014-06-27,105.74,71.9,4.409,1880.15
2014-06-26,105.84,71.85,4.4,1883.97
2014-06-25,106.5,72.0,4.553,1880.95
2014-06-24,106.03,72.0,4.535,1889.7
2014-06-23,106.17,72.0,4.446,1884.2
2014-06-20,107.26,72.0,4.531,1882.6
2014-06-19,106.43,71.95,4.584,1882.5
2014-06-18,105.97,72.0,4.659,1890.02
2014-06-17,106.36,72.25,4.709,1901.71
2014-06-16,106.9,72.5,4.707,1888.95
2014-06-13,106.91,72.15,4.739,1881.6
2014-06-12,106.53,72.05,4.7620000000000005,1874.07
2014-06-11,104.4,72.15,4.508,1883.0
2014-06-10,104.35,72.15,4.53,1882.65
2014-06-09,104.41,72.1,4.645,1885.5
2014-06-06,102.66,72.25,4.71,1882.96
2014-06-05,102.48,72.15,4.701,1891.41
2014-06-04,102.64,72.2,4.64,1898.15
2014-06-03,102.66,72.45,4.629,1897.5
2014-06-02,102.47,72.15,4.612,1903.11
2014-05-30,102.71,73.9,4.542,1897.1
2014-05-29,103.58,73.95,4.559,1906.29
2014-05-28,102.72,73.95,4.619,1909.3
2014-05-27,104.11,74.25,4.505,1916.6
2014-05-23,104.35,74.25,4.405,1910.03
2014-05-22,103.74,74.2,4.359,1904.81
2014-05-21,104.07,74.25,4.473,1910.12
2014-05-20,102.44,74.25,4.552,1921.38
2014-05-19,102.61,74.25,4.47,1918.6
2014-05-16,102.02,74.25,4.413,1924.93
2014-05-15,101.5,74.3,4.469,1925.88
2014-05-14,102.37,74.3,4.367,1922.33
2014-05-13,101.7,74.2,4.358,1923.8
2014-05-12,100.59,74.05,4.434,1911.36
2014-05-09,99.99,73.5,4.531,1903.6
2014-05-08,100.26,73.5,4.572,1900.9
2014-05-07,100.77,73.2,4.74,1910.41
2014-05-06,99.5,73.2,4.799,1918.27
2014-05-05,99.48,73.4,4.688,1924.5
2014-05-02,99.76,73.4,4.674,1925.88
2014-05-01,99.42,73.5,4.719,1936.5
2014-04-30,99.74,73.35,4.8149999999999995,1936.4
2014-04-29,101.28,73.45,4.8309999999999995,1933.76
2014-04-28,100.84,73.3,4.795,1938.27
2014-04-25,100.6,73.4,4.647,1942.61
2014-04-24,101.94,73.4,4.705,1937.96
2014-04-23,101.44,73.45,4.73,1931.9
2014-04-22,102.13,73.5,4.739,1933.76
2014-04-21,104.37,74.25,4.697,1918.77
2014-04-17,104.3,74.25,4.741,1930.75
2014-04-16,103.76,74.25,4.53,1927.86
2014-04-15,103.75,74.75,4.567,1934.93
2014-04-14,104.05,74.55,4.5600000000000005,1925.26
2014-04-11,103.74,74.5,4.62,1927.72
2014-04-10,103.4,74.0,4.655,1917.54
2014-04-09,103.6,73.4,4.586,1927.91
2014-04-08,102.56,73.4,4.534,1933.01
2014-04-07,100.44,73.45,4.476,1934.12
2014-04-04,101.14,73.55,4.439,1950.86
2014-04-03,100.29,73.65,4.47,1966.6
2014-04-02,99.62,73.45,4.364,1963.88
2014-04-01,99.74,74.5,4.276,1959.3
2014-03-31,101.58,74.55,4.371,1971.2
2014-03-28,101.67,74.35,4.485,1964.85
2014-03-27,101.28,74.35,4.584,1964.0
2014-03-26,100.26,74.3,4.402,1971.6
2014-03-25,99.19,74.3,4.411,1978.6
2014-03-24,99.6,74.5,4.276,1995.04
2014-03-21,99.46,74.5,4.313,1994.51
2014-03-20,99.43,74.4,4.369,1993.13
2014-03-19,100.37,74.5,4.484,2009.6
2014-03-18,99.7,74.55,4.456,2030.56
2014-03-17,98.08,74.6,4.536,2033.51
2014-03-14,98.89,74.5,4.425,2041.6
2014-03-13,98.2,73.9,4.383,2047.65
2014-03-12,97.99,73.25,4.49,2046.42
2014-03-11,100.03,73.05,4.605,2044.93
2014-03-10,101.12,72.65,4.651,2041.1
2014-03-07,102.58,74.45,4.618,2036.63
2014-03-06,101.56,74.5,4.662,2032.1
2014-03-05,101.45,74.95,4.523,2039.82
2014-03-04,103.33,76.1,4.667,2048.0
2014-03-03,104.92,76.7,4.492,2053.6
2014-02-28,102.59,77.55,4.609,2046.33
2014-02-27,102.4,77.45,4.511,2053.2
2014-02-26,102.59,77.25,4.855,2055.3
2014-02-25,101.83,77.45,5.096,2043.43
2014-02-24,102.82,77.3,5.445,2042.76
2014-02-21,102.2,77.6,6.135,2044.33
2014-02-20,102.92,77.6,6.064,2044.6
2014-02-19,103.31,77.5,6.149,2049.32
2014-02-18,102.43,77.6,5.551,2028.77
2014-02-14,100.3,77.35,5.214,2017.01
2014-02-13,100.35,77.3,5.223,2030.4
2014-02-12,100.37,77.25,4.822,2030.5
2014-02-11,99.94,77.25,4.824,2037.34
2014-02-10,100.06,77.95,4.579,2050.69
2014-02-07,99.88,77.9,4.775,2047.54
2014-02-06,97.84,78.2,4.931,2042.99
2014-02-05,97.38,78.2,5.03,2049.04
2014-02-04,97.19,78.3,5.375,2035.65
2014-02-03,96.43,79.2,4.905,2046.64
2014-01-31,97.49,82.35,4.943,2015.93
2014-01-30,98.23,82.15,5.011,2010.91
2014-01-29,97.36,82.2,5.557,2007.97
2014-01-28,97.41,82.2,5.033,2002.5
2014-01-27,95.72,82.2,4.8469999999999995,2008.0
2014-01-24,96.64,82.6,5.182,1994.0
2014-01-23,97.32,82.35,4.73,1997.18
2014-01-22,96.73,82.6,4.689,1988.25
2014-01-21,94.99,82.45,4.431,1985.9
2014-01-17,94.37,83.55,4.326,1964.59
2014-01-16,93.96,83.55,4.382,1949.58
2014-01-15,94.17,83.55,4.325,1942.9
2014-01-14,92.59,83.15,4.369,1938.06
2014-01-13,91.8,83.5,4.274,1927.77
2014-01-10,92.72,83.8,4.053,1924.91
2014-01-09,91.66,85.0,4.005,1932.6
2014-01-08,92.33,85.2,4.216,1934.9
2014-01-07,93.67,85.0,4.299,1928.75
2014-01-06,93.43,85.7,4.306,1937.77
2014-01-03,93.96,86.5,4.304,1937.85
2014-01-02,95.44,87.15,4.321,1940.64
2013-12-31,98.42,87.25,4.23,1929.51
2013-12-30,99.29,87.25,4.427,1927.27
2013-12-27,100.32,85.95,4.407,1929.5
2013-12-26,99.55,85.85,4.433,1918.54
2013-12-24,99.22,85.85,4.416,1921.2
2013-12-23,98.91,85.85,4.463,1925.3
2013-12-20,99.32,85.85,4.418,1933.5
2013-12-19,98.77,85.9,4.46,1938.1
2013-12-18,97.8,85.8,4.251,1942.85
2013-12-17,97.22,85.7,4.287,1942.72
2013-12-16,97.48,85.65,4.279,1934.03
2013-12-13,96.6,85.4,4.351,1931.85
2013-12-12,97.5,85.45,4.409,1933.43
2013-12-11,97.44,85.45,4.337,1932.41
2013-12-10,98.51,85.2,4.237,1934.0
2013-12-09,97.34,85.3,4.232,1933.93
2013-12-06,97.65,85.3,4.114,1932.35
2013-12-05,97.38,85.35,4.132,1939.5
2013-12-04,97.2,85.4,3.96,1949.0
2013-12-03,96.04,86.2,3.976,1944.28
2013-12-02,93.82,85.2,3.988,1934.12
2013-11-29,92.72,84.55,3.9539999999999997,1931.49
2013-11-27,92.3,84.55,3.895,1927.1
2013-11-26,93.68,84.55,3.818,1926.55
2013-11-25,94.09,84.5,3.789,1925.45
2013-11-22,94.84,84.4,3.768,1928.95
2013-11-21,95.44,84.65,3.702,1929.99
2013-11-20,93.33,84.65,3.674,1927.93
2013-11-19,93.34,84.6,3.556,1920.4
2013-11-18,93.03,84.65,3.617,1917.64
2013-11-15,93.84,84.7,3.66,1917.43
2013-11-14,93.76,84.55,3.605,1925.0
2013-11-13,93.88,84.5,3.566,1933.77
2013-11-12,93.04,84.5,3.617,1934.73
2013-11-11,95.14,84.45,3.574,1922.75
2013-11-08,94.6,84.55,3.559,1922.97
2013-11-07,94.2,84.7,3.519,1928.53
2013-11-06,94.8,84.15,3.498,1917.6
2013-11-05,93.37,84.0,3.466,1920.01
2013-11-04,94.62,83.95,3.445,1903.65
2013-11-01,94.61,84.4,3.513,1903.53
2013-10-31,96.38,84.15,3.581,1891.67
2013-10-30,96.77,84.4,3.62,1882.93
2013-10-29,98.2,84.7,3.496,1883.42
2013-10-28,98.68,84.6,3.569,1884.63
2013-10-25,97.85,81.45,3.707,1882.55
2013-10-24,97.11,81.5,3.629,1881.2
2013-10-23,96.86,81.25,3.6189999999999998,1882.43
2013-10-22,97.8,81.2,3.581,1879.72
2013-10-21,99.22,80.9,3.668,1884.18
2013-10-18,100.81,81.3,3.7640000000000002,1881.32
2013-10-17,100.67,80.75,3.757,1877.9
2013-10-16,102.29,80.55,3.769,1884.16
2013-10-15,101.21,80.6,3.79,1882.9
2013-10-14,102.41,80.7,3.82,1881.38
2013-10-11,102.02,80.45,3.776,1880.7
2013-10-10,103.01,80.9,3.723,1886.3
2013-10-09,101.61,80.9,3.6790000000000003,1891.9
2013-10-08,103.49,80.5,3.716,1889.68
2013-10-07,103.03,80.8,3.629,1887.03
2013-10-04,103.84,80.0,3.5060000000000002,1886.8
2013-10-03,103.31,79.8,3.499,1887.94
2013-10-02,104.1,79.95,3.542,1888.49
2013-10-01,102.04,78.75,3.609,1892.65
2013-09-30,102.33,79.15,3.56,1906.0
2013-09-27,102.87,78.4,3.589,1910.8
2013-09-26,103.03,78.55,3.498,1902.55
2013-09-25,102.66,78.55,3.493,1893.18
2013-09-24,103.13,78.5,3.492,1890.18
2013-09-23,103.59,78.5,3.602,1891.22
2013-09-20,104.67,78.4,3.6870000000000003,1896.26
2013-09-19,106.39,78.55,3.7199999999999998,1883.23
2013-09-18,108.07,78.55,3.713,1906.58
2013-09-17,105.42,78.5,3.745,1915.54
2013-09-16,106.59,77.75,3.738,1919.86
2013-09-13,108.21,77.8,3.677,1923.3
2013-09-12,108.6,77.7,3.638,1921.05
2013-09-11,107.56,77.4,3.567,1919.65
2013-09-10,107.39,77.25,3.584,1936.26
2013-09-09,109.52,77.2,3.605,1944.1
2013-09-06,110.53,77.1,3.5300000000000002,1950.23
2013-09-05,108.37,77.0,3.575,1956.29
2013-09-04,107.23,76.95,3.683,1940.11
2013-09-03,108.54,78.5,3.666,1944.88
2013-08-30,107.65,78.55,3.581,1932.95
2013-08-29,108.8,78.25,3.618,1941.31
2013-08-28,110.1,78.25,3.567,1938.85
2013-08-27,109.01,78.1,3.534,1938.8
2013-08-26,105.92,78.3,3.513,1925.85
2013-08-23,106.42,78.3,3.485,1916.98
2013-08-22,105.03,78.5,3.545,1915.63
2013-08-21,103.85,78.45,3.46,1925.93
2013-08-20,104.96,78.55,3.444,1921.5
2013-08-19,107.1,78.8,3.463,1912.0
2013-08-16,107.46,78.7,3.368,1911.72
2013-08-15,107.33,78.65,3.419,1901.21
2013-08-14,106.85,78.9,3.342,1890.22
2013-08-13,106.83,78.45,3.285,1882.05
2013-08-12,106.11,78.35,3.31,1876.5
2013-08-09,105.97,77.7,3.23,1872.9
2013-08-08,103.4,77.1,3.297,1876.95
2013-08-07,104.37,76.9,3.247,1879.91
2013-08-06,105.3,76.8,3.318,1879.55
2013-08-05,106.56,76.95,3.319,1883.35
2013-08-02,106.94,77.0,3.347,1889.1
2013-08-01,107.89,76.95,3.387,1899.0
2013-07-31,105.03,77.05,3.446,1894.48
2013-07-30,103.08,77.3,3.432,1890.74
2013-07-29,104.55,76.85,3.459,1888.6
2013-07-26,104.7,77.25,3.555,1885.36
2013-07-25,105.49,77.3,3.644,1887.68
2013-07-24,105.39,77.25,3.698,1892.0
2013-07-23,107.23,77.35,3.743,1888.53
2013-07-22,106.91,77.2,3.677,1881.84
2013-07-19,108.05,77.3,3.789,1882.37
2013-07-18,108.04,77.4,3.8120000000000003,1884.85
2013-07-17,106.48,77.25,3.629,1875.67
2013-07-16,106.0,77.15,3.677,1880.0
2013-07-15,106.32,77.0,3.674,1886.98
2013-07-12,105.95,76.6,3.644,1904.82
2013-07-11,104.91,76.95,3.613,1910.45
2013-07-10,106.52,76.45,3.68,1919.1
2013-07-09,103.53,76.85,3.657,1920.86
2013-07-08,103.14,76.95,3.741,1925.83
2013-07-05,103.22,76.95,3.617,1928.34
2013-07-03,101.24,77.35,3.69,1914.1
2013-07-02,99.6,77.55,3.654,1914.27
2013-07-01,97.99,76.95,3.577,1921.5
2013-06-28,96.56,83.0,3.565,1922.77
2013-06-27,97.05,83.0,3.582,1922.87
2013-06-26,95.5,83.0,3.707,1930.47
2013-06-25,95.32,83.0,3.6470000000000002,1924.6
2013-06-24,95.18,82.95,3.739,1940.6
2013-06-21,93.69,83.15,3.771,1937.3
2013-06-20,95.4,83.45,3.877,1939.2
2013-06-19,98.24,83.75,3.963,1896.18
2013-06-18,98.44,83.7,3.9050000000000002,1904.07
2013-06-17,97.77,83.8,3.875,1886.6
2013-06-14,97.85,83.75,3.733,1882.12
2013-06-13,96.69,83.75,3.814,1891.7
2013-06-12,95.88,83.9,3.777,1897.73
2013-06-11,95.38,84.05,3.724,1904.76
2013-06-10,95.77,84.45,3.8,1892.1
2013-06-07,96.03,85.5,3.828,1892.0
2013-06-06,94.76,85.7,3.827,1904.58
2013-06-05,93.74,86.4,4.001,1899.85
2013-06-04,93.31,86.55,3.998,1894.05
2013-06-03,93.45,86.6,3.991,1902.5
2013-05-31,91.97,87.7,3.984,1902.48
2013-05-30,93.61,87.65,4.023,1890.05
2013-05-29,93.13,87.7,4.148,1892.4
2013-05-28,95.01,87.5,4.174,1898.42
2013-05-24,94.15,87.75,4.237,1878.75
2013-05-23,94.25,87.8,4.261,1865.75
2013-05-22,94.28,87.65,4.186,1856.54
2013-05-21,96.16,87.7,4.192,1846.88
2013-05-20,96.71,87.75,4.09,1842.8
2013-05-17,96.02,87.7,4.055,1841.79
2013-05-16,95.16,87.65,3.932,1840.05
2013-05-15,94.3,87.6,4.07,1844.76
2013-05-14,94.21,87.5,4.024,1839.43
2013-05-13,95.17,87.4,3.925,1833.85
2013-05-10,96.04,87.35,3.91,1833.98
2013-05-09,96.39,87.7,3.983,1830.05
2013-05-08,96.62,87.7,3.9779999999999998,1830.82
2013-05-07,95.62,87.65,3.92,1827.0
2013-05-06,96.16,87.5,4.011,1829.15
2013-05-03,95.61,87.5,4.041,1834.38
2013-05-02,93.99,86.9,4.025,1837.93
2013-05-01,91.03,87.0,4.326,1825.07
2013-04-30,93.46,87.0,4.343,1824.95
2013-04-29,94.5,86.8,4.392,1827.35
2013-04-26,93.0,86.95,4.152,1834.44
2013-04-25,93.64,87.3,4.167,1831.1
2013-04-24,91.43,87.25,4.166,1836.6
2013-04-23,89.18,88.15,4.2379999999999995,1838.15
2013-04-22,88.76,87.5,4.267,1839.15
2013-04-19,88.01,87.4,4.408,1837.08
2013-04-18,87.73,87.65,4.401,1841.4
2013-04-17,86.68,87.45,4.214,1849.04
2013-04-16,88.72,88.05,4.16,1833.65
2013-04-15,88.71,88.2,4.1370000000000005,1834.43
2013-04-12,91.29,89.4,4.222,1826.1
2013-04-11,93.51,88.8,4.139,1823.7
2013-04-10,94.64,88.5,4.085,1819.7
2013-04-09,94.2,88.3,4.017,1814.94
2013-04-08,93.36,88.5,4.082,1817.0
2013-04-05,92.7,88.4,4.125,1819.73
2013-04-04,93.26,88.05,3.947,1828.5
2013-04-03,94.45,87.65,3.9,1820.5
2013-04-02,97.19,86.9,3.969,1813.57
2013-04-01,97.07,87.05,4.015,1822.48
2013-03-28,97.23,90.65,4.024,1827.27
2013-03-27,96.58,90.95,4.068,1825.13
2013-03-26,96.34,91.75,3.976,1831.0
2013-03-25,94.81,91.9,3.865,1829.14
2013-03-22,93.71,91.8,3.927,1828.4
2013-03-21,92.45,91.6,3.935,1819.91
2013-03-20,92.96,91.1,3.96,1818.2
2013-03-19,92.16,91.75,3.969,1811.72
2013-03-18,93.74,92.25,3.882,1808.65
2013-03-15,93.45,92.55,3.872,1806.2
2013-03-14,93.03,92.2,3.8120000000000003,1798.3
2013-03-13,92.52,92.25,3.68,1797.6
2013-03-12,92.54,92.3,3.645,1800.0
2013-03-11,92.06,91.85,3.649,1802.05
2013-03-08,91.95,92.05,3.629,1801.5
2013-03-07,91.56,92.35,3.582,1802.6
2013-03-06,90.43,92.75,3.4699999999999998,1807.5
2013-03-05,90.82,93.1,3.529,1809.75
2013-03-04,90.12,93.35,3.529,1813.6
2013-03-01,90.68,94.05,3.456,1812.75
2013-02-28,92.05,94.25,3.4859999999999998,1813.07
2013-02-27,92.76,93.55,3.434,1813.91
2013-02-26,92.63,92.75,3.427,1817.81
2013-02-25,93.11,93.35,3.414,1812.2
2013-02-22,93.13,94.5,3.291,1798.99
2013-02-21,92.84,95.25,3.246,1799.2
2013-02-20,94.46,94.9,3.279,1791.7
2013-02-19,96.66,94.9,3.2720000000000002,1790.88
2013-02-15,95.86,94.85,3.153,1787.05
2013-02-14,97.31,95.1,3.163,1783.2
2013-02-13,97.01,95.1,3.306,1778.27
2013-02-12,97.51,95.55,3.23,1780.52
2013-02-11,97.03,95.4,3.279,1784.76
2013-02-08,95.72,96.0,3.2720000000000002,1788.75
2013-02-07,95.83,95.7,3.285,1792.33
2013-02-06,96.62,96.3,3.418,1791.5
2013-02-05,96.64,96.15,3.399,1786.87
2013-02-04,96.17,95.6,3.315,1787.52
2013-02-01,97.77,95.4,3.301,1776.18
2013-01-31,97.49,95.2,3.339,1775.23
2013-01-30,97.94,95.45,3.335,1777.35
2013-01-29,97.57,95.35,3.226,1773.68
2013-01-28,96.44,95.35,3.289,1780.07
2013-01-25,95.88,93.25,3.444,1779.9
2013-01-24,95.95,93.15,3.446,1779.67
2013-01-23,95.23,93.15,3.5540000000000003,1780.5
2013-01-22,96.24,93.25,3.558,1777.7
2013-01-18,95.56,93.25,3.566,1769.33
2013-01-17,95.49,93.35,3.4939999999999998,1765.66
2013-01-16,94.24,93.25,3.435,1774.03
2013-01-15,93.28,93.3,3.455,1769.83
2013-01-14,94.14,93.6,3.373,1759.0
2013-01-11,93.56,93.65,3.327,1763.58
2013-01-10,93.82,93.25,3.193,1763.3
2013-01-09,93.1,93.3,3.113,1768.73
2013-01-08,93.15,93.4,3.218,1771.2
2013-01-07,93.19,94.35,3.266,1770.5
2013-01-04,93.09,95.0,3.287,1771.0
2013-01-03,92.92,94.4,3.198,1762.7
2013-01-02,93.12,94.85,3.233,1763.5
2012-12-31,91.82,93.75,3.351,1767.0
2012-12-28,90.8,93.55,3.469,1760.75
2012-12-27,90.87,93.5,3.354,1773.37
2012-12-26,90.98,93.45,3.392,1772.7
2012-12-24,88.61,93.45,3.346,1776.5
2012-12-21,88.66,93.45,3.451,1776.85
2012-12-20,90.13,93.7,3.462,1788.33
2012-12-19,89.51,93.8,3.32,1791.65
2012-12-18,87.93,93.7,3.418,1793.75
2012-12-17,87.2,93.5,3.358,1796.1
2012-12-14,86.73,93.75,3.314,1796.4
2012-12-13,85.89,92.85,3.347,1796.75
2012-12-12,86.77,91.95,3.382,1794.82
2012-12-11,85.79,92.6,3.412,1800.22
2012-12-10,85.56,93.15,3.46,1799.3
2012-12-07,85.93,93.2,3.551,1796.66
2012-12-06,86.26,93.75,3.666,1799.7
2012-12-05,87.88,94.4,3.7,1811.73
2012-12-04,88.5,94.6,3.539,1812.99
2012-12-03,89.09,95.15,3.591,1815.3
2012-11-30,88.91,85.9,3.561,1814.83
2012-11-29,88.07,85.85,3.648,1815.16
2012-11-28,86.49,85.8,3.6959999999999997,1823.35
2012-11-27,87.18,85.55,3.769,1824.72
2012-11-26,87.74,85.6,3.73,1824.25
2012-11-23,88.28,85.45,3.901,1823.8
2012-11-21,87.38,84.8,3.903,1815.48
2012-11-20,86.75,84.95,3.832,1816.08
2012-11-19,89.28,85.4,3.719,1818.46
2012-11-16,86.67,85.55,3.79,1824.05
2012-11-15,85.45,84.8,3.703,1824.6
2012-11-14,86.32,84.45,3.76,1820.05
2012-11-13,85.38,84.3,3.739,1817.4
2012-11-12,85.57,85.0,3.57,1815.5
2012-11-09,86.07,84.7,3.503,1815.35
2012-11-08,85.09,84.2,3.608,1810.25
2012-11-07,84.44,83.15,3.578,1812.88
2012-11-06,88.71,83.2,3.617,1811.62
2012-11-05,85.65,83.35,3.5540000000000003,1829.86
2012-11-02,84.86,82.9,3.5540000000000003,1826.4
2012-11-01,87.09,83.4,3.699,1825.13
2012-10-31,86.24,83.6,3.692,1832.15
2012-10-30,85.68,84.0,3.691,1831.3
2012-10-29,85.54,83.7,3.471,1830.42
2012-10-26,86.28,83.25,3.4,1828.03
2012-10-25,86.05,83.25,3.434,1817.95
2012-10-24,85.73,83.25,3.45,1816.5
2012-10-23,86.67,83.05,3.535,1815.83
2012-10-22,88.73,83.15,3.452,1808.61
2012-10-19,90.05,83.5,3.617,1798.6
2012-10-18,92.1,83.3,3.5869999999999997,1796.41
2012-10-17,92.12,83.75,3.4699999999999998,1797.98
2012-10-16,92.09,82.55,3.437,1799.35
2012-10-15,91.85,82.35,3.4859999999999998,1797.79
2012-10-12,91.86,83.3,3.6109999999999998,1797.5
2012-10-11,92.07,83.6,3.604,1799.3
2012-10-10,91.25,84.35,3.475,1800.0
2012-10-09,92.39,85.2,3.467,1799.15
2012-10-08,89.33,86.0,3.403,1793.02
2012-10-05,89.88,86.25,3.396,1795.9
2012-10-04,91.71,86.25,3.406,1795.05
2012-10-03,88.14,85.85,3.395,1802.62
2012-10-02,91.89,86.15,3.531,1798.8
2012-10-01,92.48,86.15,3.48,1800.65
2012-09-28,92.19,89.5,3.32,1800.53
2012-09-27,91.85,89.6,3.297,1798.82
2012-09-26,89.98,89.6,3.023,1797.65
2012-09-25,91.37,89.65,2.924,1796.95
2012-09-24,91.93,89.5,2.8369999999999997,1800.4
2012-09-21,92.89,90.45,2.885,1798.35
2012-09-20,91.87,90.1,2.797,1794.03
2012-09-19,91.98,90.6,2.762,1796.68
2012-09-18,95.29,90.5,2.773,1796.25
2012-09-17,96.62,90.0,2.865,1798.83
2012-09-14,99.0,90.0,2.943,1793.78
2012-09-13,98.31,90.0,3.037,1793.83
2012-09-12,97.01,90.55,3.063,1801.88
2012-09-11,97.17,90.55,2.992,1796.85
2012-09-10,96.54,91.0,2.8120000000000003,1797.41
2012-09-07,96.42,91.2,2.682,1800.09
2012-09-06,95.53,91.15,2.776,1800.73
2012-09-05,95.36,91.35,2.795,1809.9
2012-09-04,95.3,91.2,2.854,1825.08
2012-08-31,96.47,91.75,2.799,1825.2
2012-08-30,94.62,91.1,2.748,1829.83
2012-08-29,95.49,91.05,2.634,1830.7
2012-08-28,96.33,91.3,2.614,1828.45
2012-08-27,95.47,91.35,2.653,1823.17
2012-08-24,96.15,91.35,2.702,1814.55
2012-08-23,96.27,91.45,2.802,1809.35
2012-08-22,97.26,91.4,2.826,1812.7
2012-08-21,96.68,91.65,2.775,1814.1
2012-08-20,95.97,91.5,2.776,1821.0
2012-08-17,96.01,91.55,2.719,1819.77
2012-08-16,95.6,91.8,2.724,1819.3
2012-08-15,94.33,92.1,2.748,1817.8
2012-08-14,93.43,92.45,2.834,1803.19
2012-08-13,92.73,92.55,2.729,1793.8
2012-08-10,92.87,92.15,2.77,1790.52
2012-08-09,93.36,92.55,2.945,1788.78
2012-08-08,93.35,93.4,2.933,1787.05
2012-08-07,93.67,92.1,2.964,1786.5
2012-08-06,92.2,91.55,2.908,1788.5
2012-08-03,91.4,89.75,2.877,1786.88
2012-08-02,87.13,89.45,2.92,1790.5
2012-08-01,88.91,90.2,3.171,1787.15
2012-07-31,88.06,90.15,3.209,1792.2
2012-07-30,89.78,89.1,3.214,1790.61
2012-07-27,90.13,88.4,3.01,1791.56
2012-07-26,89.39,88.15,3.105,1791.76
2012-07-25,88.97,87.75,3.07,1798.46
2012-07-24,88.5,87.55,3.187,1802.95
2012-07-23,88.14,87.05,3.117,1789.18
2012-07-20,91.44,88.1,3.081,1780.0
2012-07-19,92.66,87.95,2.999,1779.5
2012-07-18,89.87,88.05,2.973,1776.23
2012-07-17,89.22,87.5,2.7960000000000003,1780.28
2012-07-16,88.43,87.75,2.801,1779.8
2012-07-13,87.1,87.55,2.874,1775.98
2012-07-12,86.08,87.15,2.874,1787.43
2012-07-11,85.81,87.3,2.8529999999999998,1785.21
2012-07-10,83.91,87.9,2.737,1786.88
2012-07-09,85.99,88.6,2.883,1789.25
2012-07-06,84.45,88.9,2.776,1784.55
2012-07-05,87.22,89.0,2.945,1775.68
2012-07-03,87.66,90.15,2.899,1769.5
2012-07-02,83.75,89.9,2.824,1780.11
2012-06-29,84.96,88.4,2.824,1783.76
2012-06-28,77.69,88.4,2.722,1806.5
2012-06-27,80.21,88.4,2.774,1796.02
2012-06-26,79.36,88.1,2.767,1802.77
2012-06-25,79.21,88.1,2.694,1802.63
2012-06-22,79.76,88.15,2.625,1791.03
2012-06-21,78.2,87.75,2.582,1777.43
2012-06-20,81.8,87.65,2.517,1770.35
2012-06-19,84.03,87.6,2.545,1770.5
2012-06-18,83.27,87.2,2.635,1790.0
2012-06-15,84.03,87.85,2.467,1783.9
2012-06-14,83.91,87.45,2.495,1791.8
2012-06-13,82.62,88.65,2.185,1784.08
2012-06-12,83.32,88.3,2.232,1777.75
2012-06-11,82.7,88.25,2.218,1776.0
2012-06-08,84.1,88.5,2.299,1776.75
2012-06-07,84.82,89.4,2.274,1769.82
2012-06-06,85.02,90.25,2.421,1782.92
2012-06-05,84.29,91.25,2.446,1792.35
2012-06-04,83.98,91.25,2.415,1817.25
2012-06-01,83.23,91.25,2.326,1830.63
2012-05-31,86.53,91.45,2.422,1827.94
2012-05-30,87.82,91.65,2.418,1826.75
2012-05-29,90.76,92.25,2.429,1814.7
2012-05-25,90.86,98.5,2.568,1832.7
2012-05-24,90.66,97.25,2.6470000000000002,1841.54
2012-05-23,89.9,96.95,2.737,1844.24
2012-05-22,91.66,97.85,2.707,1826.8
2012-05-21,92.57,98.2,2.609,1829.67
2012-05-18,91.48,98.65,2.742,1822.9
2012-05-17,92.56,99.05,2.594,1806.1
2012-05-16,92.81,98.75,2.618,1794.33
2012-05-15,93.98,99.0,2.5,1786.2
2012-05-14,94.78,99.35,2.431,1771.5
2012-05-11,96.13,99.65,2.509,1762.85
2012-05-10,97.08,99.6,2.487,1762.93
2012-05-09,96.81,99.75,2.465,1767.65
2012-05-08,97.01,99.6,2.393,1765.9
2012-05-07,97.94,99.65,2.336,1755.0
2012-05-04,98.49,99.65,2.279,1758.7
2012-05-03,102.54,99.9,2.34,1756.45
2012-05-02,105.22,99.75,2.253,1757.05
2012-05-01,106.16,100.95,2.371,1763.65
2012-04-30,104.87,100.75,2.285,1762.0
2012-04-27,104.93,102.95,2.186,1764.4
2012-04-26,104.55,103.05,2.036,1762.08
2012-04-25,104.12,103.05,2.068,1761.9
2012-04-24,103.55,103.25,1.975,1769.4
2012-04-23,103.11,102.7,2.007,1769.83
2012-04-20,103.05,103.2,1.927,1771.1
2012-04-19,102.27,103.05,1.907,1774.0
2012-04-18,102.67,103.55,1.951,1774.74
2012-04-17,104.2,102.85,1.951,1770.0
2012-04-16,102.93,103.65,2.016,1776.2
2012-04-13,102.83,105.05,1.9809999999999999,1775.5
2012-04-12,103.64,105.45,1.983,1777.21
2012-04-11,102.7,105.4,1.984,1787.83
2012-04-10,101.02,106.4,2.031,1793.9
2012-04-09,102.46,106.75,2.107,1783.88
2012-04-05,103.31,106.75,2.089,1775.34
2012-04-04,101.47,106.95,2.141,1772.9
2012-04-03,104.01,108.45,2.187,1769.2
2012-04-02,105.23,109.45,2.152,1775.66
2012-03-30,103.02,107.0,2.126,1788.75
2012-03-29,102.78,107.0,2.149,1792.0
2012-03-28,105.41,107.2,2.191,1774.5
2012-03-27,107.33,107.0,2.208,1763.8
2012-03-26,107.03,107.0,2.226,1760.75
2012-03-23,106.87,107.15,2.275,1760.27
2012-03-22,105.35,107.3,2.269,1760.46
2012-03-21,107.27,107.25,2.36,1759.56
2012-03-20,105.61,106.9,2.335,1757.95
2012-03-19,108.09,107.25,2.351,1760.0
2012-03-16,107.06,107.15,2.326,1759.7
2012-03-15,105.11,107.0,2.279,1760.4
2012-03-14,105.43,107.2,2.284,1764.0
2012-03-13,106.71,106.8,2.299,1758.15
2012-03-12,106.34,107.1,2.269,1763.9
2012-03-09,107.4,107.65,2.324,1762.35
2012-03-08,106.58,108.6,2.2720000000000002,1765.0
2012-03-07,106.16,109.35,2.302,1768.8
2012-03-06,104.7,109.35,2.356,1780.68
2012-03-05,106.72,110.05,2.355,1772.2
2012-03-02,106.7,110.75,2.484,1774.0
2012-03-01,108.84,111.25,2.463,1769.25
2012-02-29,107.07,112.1,2.616,1767.0
2012-02-28,106.55,113.5,2.519,1767.35
2012-02-27,108.56,114.5,2.446,1772.01
2012-02-24,109.77,118.0,2.55,1775.75
2012-02-23,107.83,118.0,2.621,1776.45
2012-02-22,106.28,118.1,2.643,1782.01
2012-02-21,105.84,117.85,2.626,1778.35
2012-02-17,103.24,118.15,2.684,1778.5
2012-02-16,102.31,118.05,2.567,1784.5
2012-02-15,101.8,118.05,2.425,1795.35
2012-02-14,100.74,117.95,2.532,1790.2
2012-02-13,100.91,117.85,2.431,1778.2
2012-02-10,98.67,117.75,2.477,1784.15
2012-02-09,99.84,118.0,2.477,1776.45
2012-02-08,98.71,118.1,2.448,1779.3
2012-02-07,98.41,118.2,2.472,1782.1
2012-02-06,96.91,118.05,2.55,1787.3
2012-02-03,97.84,118.25,2.499,1784.5
2012-02-02,96.36,117.65,2.5540000000000003,1793.88
2012-02-01,97.61,117.15,2.382,1799.63
2012-01-31,98.48,117.45,2.503,1810.4
2012-01-30,98.78,118.85,2.713,1817.75
2012-01-27,99.56,118.1,2.678,1807.03
2012-01-26,99.7,117.45,2.605,1810.8
2012-01-25,99.4,117.5,2.729,1812.65
2012-01-24,98.95,117.5,2.5540000000000003,1814.0
2012-01-23,99.58,116.65,2.525,1813.8
2012-01-20,98.46,116.5,2.343,1823.9
2012-01-19,100.39,115.15,2.322,1825.86
2012-01-18,100.59,115.25,2.472,1823.1
2012-01-17,100.71,114.2,2.488,1837.4
2012-01-13,98.7,113.65,2.67,1841.05
2012-01-12,99.1,113.7,2.697,1838.35
2012-01-11,100.87,113.85,2.774,1850.0
2012-01-10,102.24,113.0,2.941,1860.9
2012-01-09,101.31,112.95,3.011,1880.5
2012-01-06,101.56,113.5,3.062,1880.35
2012-01-05,101.81,112.35,2.98,1880.5
2012-01-04,103.22,112.25,3.096,1885.75
2012-01-03,102.96,111.3,2.993,1906.98
2011-12-30,98.83,112.25,2.989,1938.5
2011-12-29,99.65,110.85,3.027,1939.9
2011-12-28,99.36,110.8,3.084,1941.25
2011-12-27,101.34,111.3,3.112,1922.5
2011-12-23,99.68,111.3,3.114,1920.16
2011-12-22,99.53,111.25,3.169,1923.3
2011-12-21,98.67,111.1,3.155,1931.88
2011-12-20,97.22,110.85,3.128,1934.25
2011-12-19,93.88,110.4,3.096,1935.1
2011-12-16,93.53,110.7,3.127,1940.98
2011-12-15,93.87,111.0,3.127,1935.62
2011-12-14,94.95,111.1,3.136,1938.08
2011-12-13,100.14,111.25,3.279,1929.55
2011-12-12,97.77,111.5,3.254,1931.39
2011-12-09,99.41,111.15,3.317,1925.5
2011-12-08,98.34,110.75,3.457,1931.0
2011-12-07,100.49,110.95,3.421,1923.13
2011-12-06,101.28,111.35,3.487,1933.4
2011-12-05,100.99,111.95,3.461,1935.55
2011-12-02,100.96,111.9,3.584,1940.57
2011-12-01,100.2,111.85,3.648,1946.3
2011-11-30,100.36,111.6,3.55,1950.56
2011-11-29,99.79,110.55,3.633,1963.39
2011-11-28,98.21,110.3,3.364,1949.78
2011-11-25,96.77,114.5,3.542,1956.69
2011-11-23,96.17,114.7,3.46,1934.8
2011-11-22,98.01,114.9,3.415,1918.53
2011-11-21,96.92,114.9,3.399,1928.2
2011-11-18,97.41,115.45,3.316,1914.43
2011-11-17,98.82,115.55,3.41,1919.5
2011-11-16,102.59,115.6,3.344,1906.66
2011-11-15,99.37,115.2,3.404,1915.0
2011-11-14,98.14,115.0,3.458,1914.15
2011-11-11,98.99,115.45,3.584,1911.0
2011-11-10,97.78,115.5,3.649,1913.85
2011-11-09,95.74,116.5,3.652,1913.95
2011-11-08,96.8,117.4,3.745,1910.85
2011-11-07,95.52,117.9,3.6959999999999997,1912.17
2011-11-04,94.26,117.85,3.783,1911.5
2011-11-03,94.07,117.8,3.778,1905.07
2011-11-02,92.51,117.8,3.749,1906.42
2011-11-01,92.19,117.65,3.781,1891.52
2011-10-31,93.19,118.5,3.934,1865.75
2011-10-28,93.32,119.75,3.923,1861.6
2011-10-27,93.96,119.8,3.524,1861.5
2011-10-26,90.2,119.65,3.59,1879.1
2011-10-25,93.17,119.75,3.658,1878.05
2011-10-24,91.27,119.6,3.604,1872.06
2011-10-21,87.4,119.2,3.629,1892.33
2011-10-20,85.3,119.15,3.63,1908.75
2011-10-19,86.11,119.55,3.586,1902.43
2011-10-18,88.34,119.7,3.553,1903.0
2011-10-17,86.38,120.65,3.6879999999999997,1886.75
2011-10-14,86.8,120.9,3.703,1886.1
2011-10-13,84.23,120.9,3.531,1901.03
2011-10-12,85.57,121.1,3.489,1896.0
2011-10-11,85.81,121.25,3.616,1914.75
2011-10-10,85.41,121.2,3.541,1936.9
2011-10-07,82.98,120.8,3.481,1934.8
2011-10-06,82.59,120.6,3.598,1946.8
2011-10-05,79.68,120.35,3.57,1961.1
2011-10-04,75.67,120.0,3.638,1984.6
2011-10-03,77.61,121.4,3.617,1960.95
2011-09-30,79.2,123.2,3.666,1931.99
2011-09-29,82.14,123.45,3.747,1917.65
2011-09-28,81.21,123.5,3.759,1917.33
2011-09-27,84.45,123.45,3.827,1888.25
2011-09-26,80.24,123.35,3.782,1909.45
2011-09-23,79.85,123.55,3.701,1903.94
2011-09-22,80.51,123.55,3.705,1910.0
2011-09-21,85.92,123.65,3.73,1874.0
2011-09-20,86.89,123.55,3.798,1860.0
2011-09-19,85.7,123.6,3.8289999999999997,1856.5
2011-09-16,87.96,123.8,3.809,1821.41
2011-09-15,89.4,123.65,3.878,1821.0
2011-09-14,88.91,123.15,4.039,1826.75
2011-09-13,90.21,123.25,3.98,1813.0
2011-09-12,88.19,123.3,3.885,1821.0
2011-09-09,87.24,123.3,3.915,1798.8
2011-09-08,89.05,123.55,3.98,1788.5
2011-09-07,89.34,123.55,3.94,1790.59
2011-09-06,86.02,123.5,3.9379999999999997,1791.5
2011-09-02,86.45,123.15,3.872,1783.0
2011-09-01,88.93,122.7,4.05,1779.2
2011-08-31,88.81,122.85,4.054,1778.03
2011-08-30,88.9,122.3,3.909,1786.3
2011-08-29,87.27,121.5,3.857,1786.91
2011-08-26,85.37,120.6,3.931,1794.5
2011-08-25,85.3,120.55,3.931,1790.5
2011-08-24,85.16,120.6,3.922,1786.31
2011-08-23,85.44,120.45,3.993,1788.93
2011-08-22,84.12,120.3,3.8890000000000002,1780.0
2011-08-19,82.26,120.0,3.94,1782.9
2011-08-18,82.38,120.15,3.892,1777.0
2011-08-17,87.58,120.45,3.933,1766.25
2011-08-16,86.65,120.1,3.932,1775.46
2011-08-15,87.88,120.05,4.024,1782.0
2011-08-12,85.38,119.55,4.06,1785.7
2011-08-11,85.72,119.45,4.108,1789.57
2011-08-10,82.89,119.5,4.003,1795.98
2011-08-09,79.3,119.15,3.9939999999999998,1811.9
2011-08-08,81.31,119.5,3.935,1814.72
2011-08-05,86.88,120.65,3.941,1789.75
2011-08-04,86.63,120.4,3.941,1785.78
2011-08-03,91.93,121.25,4.09,1770.83
2011-08-02,93.79,121.25,4.155,1770.88
2011-08-01,94.89,120.95,4.188,1768.0
2011-07-29,95.7,121.05,4.145,1778.38
2011-07-28,97.44,121.1,4.244,1772.48
2011-07-27,97.4,121.2,4.37,1766.7
2011-07-26,99.59,121.25,4.37,1759.3
2011-07-25,99.2,121.3,4.386,1764.0
2011-07-22,99.87,121.25,4.399,1756.4
2011-07-21,99.13,121.35,4.395,1753.75
2011-07-20,98.14,121.35,4.5,1759.42
2011-07-19,97.5,121.1,4.533,1757.35
2011-07-18,95.93,120.7,4.546,1757.48
2011-07-15,97.24,120.85,4.546,1758.06
2011-07-14,95.69,121.1,4.378,1748.5
2011-07-13,98.05,121.2,4.4030000000000005,1757.8
2011-07-12,97.43,120.6,4.333,1764.0
2011-07-11,95.15,120.2,4.288,1770.1
2011-07-08,96.2,121.15,4.205,1760.23
2011-07-07,98.67,121.35,4.133,1760.9
2011-07-06,96.65,121.35,4.217,1766.18
2011-07-05,96.89,121.85,4.3629999999999995,1769.0
2011-07-01,94.94,121.45,4.311,1762.3
2011-06-30,95.42,121.3,4.374,1770.78
2011-06-29,94.77,121.9,4.315,1779.5
2011-06-28,92.89,121.55,4.357,1781.94
2011-06-27,90.61,121.35,4.256,1793.5
2011-06-24,91.16,120.4,4.229,1793.25
2011-06-23,91.02,120.4,4.193,1787.53
2011-06-22,95.41,120.45,4.317,1780.15
2011-06-21,93.4,120.55,4.388,1780.1
2011-06-20,93.26,120.5,4.317,1787.4
2011-06-17,93.01,119.5,4.325,1791.8
2011-06-16,94.95,119.6,4.412,1793.5
2011-06-15,94.81,121.15,4.577,1790.1
2011-06-14,99.37,121.75,4.5809999999999995,1771.4
2011-06-13,97.3,121.5,4.646,1781.3
2011-06-10,99.29,121.45,4.757,1777.45
2011-06-09,101.93,121.55,4.674,1770.95
2011-06-08,100.74,121.3,4.8469999999999995,1771.05
2011-06-07,99.09,122.35,4.8309999999999995,1767.4
2011-06-06,99.01,121.45,4.827,1783.0
2011-06-03,100.22,121.35,4.707,1783.5
2011-06-02,100.4,120.85,4.7940000000000005,1784.5
2011-06-01,100.29,120.85,4.629,1790.75
2011-05-31,102.7,120.95,4.666,1788.85
2011-05-27,100.59,120.35,4.518,1807.64
2011-05-26,100.23,119.35,4.326,1826.1
2011-05-25,101.32,119.4,4.379,1832.35
2011-05-24,99.59,119.55,4.345,1831.56
2011-05-23,97.7,119.75,4.346,1826.8
2011-05-20,99.49,119.55,4.23,1815.28
2011-05-19,98.44,119.8,4.094,1816.09
2011-05-18,100.1,119.75,4.198,1817.2
2011-05-17,96.91,118.85,4.182,1825.35
2011-05-16,97.37,119.75,4.318,1820.9
2011-05-13,99.65,119.35,4.246,1807.71
2011-05-12,98.97,120.3,4.194,1799.8
2011-05-11,98.21,121.5,4.181,1811.75
2011-05-10,103.88,122.25,4.246,1787.1
2011-05-09,102.55,122.95,4.154,1787.98
2011-05-06,97.18,123.35,4.235,1768.9
2011-05-05,99.8,123.65,4.261,1764.6
2011-05-04,109.24,124.45,4.577,1765.0
2011-05-03,111.05,124.05,4.67,1765.25
2011-05-02,113.52,124.05,4.693,1772.0
2011-04-29,113.93,122.8,4.698,1767.0
2011-04-28,112.86,122.8,4.571,1767.13
2011-04-27,112.76,122.45,4.377,1775.0
2011-04-26,112.21,122.45,4.3870000000000005,1791.4
2011-04-25,112.28,122.55,4.389,1782.5
2011-04-21,112.29,122.55,4.412,1782.0
2011-04-20,111.45,122.6,4.31,1780.28
2011-04-19,108.15,122.3,4.2620000000000005,1788.45
2011-04-18,107.12,122.35,4.138,1799.01
2011-04-15,109.66,123.15,4.204,1798.43
2011-04-14,108.11,122.65,4.212,1804.5
2011-04-13,107.11,122.65,4.141,1818.83
2011-04-12,106.25,121.9,4.098,1819.43
2011-04-11,109.92,122.5,4.108,1817.35
2011-04-08,112.79,122.65,4.041,1817.55
2011-04-07,110.3,122.35,4.057,1825.0
2011-04-06,108.83,122.45,4.146,1829.08
2011-04-05,108.34,122.5,4.231,1835.3
2011-04-04,108.47,123.8,4.289,1849.25
2011-04-01,107.94,123.5,4.362,1849.19
2011-03-31,106.72,123.2,4.389,1871.0
2011-03-30,104.27,120.15,4.355,1876.05
2011-03-29,104.79,120.35,4.24,1885.5
2011-03-28,103.98,121.65,4.374,1878.68
2011-03-25,105.4,125.8,4.4030000000000005,1870.73
2011-03-24,105.6,125.15,4.244,1865.45
2011-03-23,105.75,125.55,4.335,1867.18
2011-03-22,104.0,124.45,4.254,1866.8
2011-03-21,102.33,124.85,4.161,1872.35
2011-03-18,101.07,124.0,4.168,1874.01
2011-03-17,101.42,123.5,4.158,1879.93
2011-03-16,97.98,129.15,3.9379999999999997,1892.62
2011-03-15,97.18,129.25,3.941,1890.14
2011-03-14,101.19,129.15,3.914,1878.76
2011-03-11,101.16,130.0,3.8890000000000002,1869.88
2011-03-10,102.7,129.45,3.83,1867.5
2011-03-09,104.38,129.95,3.93,1876.75
2011-03-08,105.02,130.1,3.864,1888.25
2011-03-07,105.44,130.6,3.927,1895.6
2011-03-04,104.42,131.5,3.809,1894.4
2011-03-03,101.91,130.4,3.778,1899.15
2011-03-02,102.23,130.6,3.818,1913.4
2011-03-01,99.63,130.9,3.873,1916.6
2011-02-28,96.97,130.95,4.037,1907.9
2011-02-25,97.88,129.0,4.005,1907.15
2011-02-24,97.28,127.5,3.793,1898.75
2011-02-23,98.1,127.9,3.9,1898.45
2011-02-22,93.57,126.25,3.867,1895.15
2011-02-18,86.2,126.7,3.876,1877.1
2011-02-17,86.36,126.0,3.868,1893.75
2011-02-16,84.99,125.5,3.9210000000000003,1909.85
2011-02-15,84.32,124.9,3.976,1906.45
2011-02-14,84.81,124.5,3.925,1896.1
2011-02-11,85.58,123.5,3.91,1886.0
2011-02-10,86.73,123.15,3.9859999999999998,1881.48
2011-02-09,86.71,122.8,4.044,1889.5
2011-02-08,86.94,123.45,4.04,1886.5
2011-02-07,87.48,123.5,4.104,1868.9
2011-02-04,89.03,127.0,4.31,1871.5
2011-02-03,90.54,127.35,4.337,1865.0
2011-02-02,90.86,127.85,4.429,1859.5
2011-02-01,90.77,129.35,4.3469999999999995,1852.6
2011-01-31,92.19,129.4,4.42,1867.2
2011-01-28,89.34,130.35,4.323,1862.2
2011-01-27,85.64,128.0,4.316,1859.5
2011-01-26,87.33,127.75,4.491,1863.45
2011-01-25,86.19,129.25,4.473,1857.5
2011-01-24,87.87,129.65,4.58,1852.98
2011-01-21,89.11,131.9,4.736,1842.25
2011-01-20,88.86,132.95,4.695,1850.0
2011-01-19,90.86,133.75,4.561,1841.75
2011-01-18,91.38,133.55,4.425,1857.0
2011-01-14,91.54,136.0,4.48,1871.75
2011-01-13,91.4,137.75,4.407,1864.5
2011-01-12,91.86,138.0,4.531,1866.0
2011-01-11,91.11,138.75,4.481,1856.0
2011-01-10,89.25,139.05,4.399,1870.5
2011-01-07,88.03,136.35,4.422,1864.75
2011-01-06,88.38,133.15,4.434,1867.95
2011-01-05,90.3,130.65,4.473,1890.75
2011-01-04,89.38,137.3,4.6690000000000005,1897.25
2011-01-03,91.55,136.5,4.65,1894.23
2010-12-31,91.38,122.65,4.405,1907.7
2010-12-30,89.84,122.4,4.338,1915.5
2010-12-29,91.12,121.75,4.287,1955.0
2010-12-28,91.49,117.0,4.216,2027.5
2010-12-27,91.0,117.0,4.112,1980.5
2010-12-23,91.51,117.25,4.083,1937.95
2010-12-22,90.48,118.0,4.152,1921.75
2010-12-21,89.82,116.1,4.059,1934.75
2010-12-20,88.81,116.25,4.237,1928.5
2010-12-17,88.02,116.05,4.066,1919.0
2010-12-16,87.7,115.65,4.048,1915.6
2010-12-15,88.62,115.5,4.222,1907.0
2010-12-14,88.28,115.6,4.255,1897.8
2010-12-13,88.61,116.25,4.42,1905.9
2010-12-10,87.79,115.7,4.417,1881.85
2010-12-09,88.37,114.25,4.435,1908.38
2010-12-08,88.28,114.75,4.606,1882.6
2010-12-07,88.69,115.05,4.393,1894.15
2010-12-06,89.38,115.15,4.4879999999999995,1889.65
2010-12-03,89.19,114.35,4.349,1883.3
2010-12-02,88.0,113.35,4.343,1906.2
2010-12-01,86.75,112.0,4.269,1932.5
2010-11-30,84.11,112.3,4.18,1944.15
2010-11-29,85.73,112.55,4.21,1922.9
2010-11-26,83.76,107.05,4.399,1908.45
2010-11-24,83.86,107.6,4.267,1891.05
2010-11-23,81.25,107.7,4.264,1893.0
2010-11-22,81.74,108.15,4.271,1879.95
2010-11-19,81.51,109.8,4.164,1876.85
2010-11-18,81.85,109.65,4.007,1869.75
2010-11-17,80.44,109.35,4.03,1874.38
2010-11-16,82.34,111.0,3.818,1883.3
2010-11-15,84.86,112.75,3.8449999999999998,1867.0
2010-11-12,84.88,110.1,3.799,1867.33
2010-11-11,87.81,107.75,3.927,1858.5
2010-11-10,87.81,106.65,4.046,1853.73
2010-11-09,86.72,105.65,4.21,1841.85
2010-11-08,87.06,105.75,4.088,1832.03
2010-11-05,86.85,106.1,3.9370000000000003,1820.7
2010-11-04,86.49,106.35,3.856,1818.15
2010-11-03,84.69,106.4,3.836,1836.95
2010-11-02,83.9,106.25,3.87,1844.3
2010-11-01,82.95,105.65,3.832,1840.0
2010-10-29,81.43,97.4,4.038,1838.75
2010-10-28,82.18,97.65,3.89,1836.2
2010-10-27,81.94,97.9,3.292,1848.53
2010-10-26,82.55,97.5,3.354,1840.35
2010-10-25,82.52,98.05,3.317,1829.9
2010-10-22,81.69,97.7,3.332,1828.65
2010-10-21,80.56,97.5,3.368,1818.79
2010-10-20,81.77,97.9,3.539,1809.25
2010-10-19,79.49,97.45,3.513,1815.85
2010-10-18,83.08,97.0,3.431,1810.0
2010-10-15,81.25,97.05,3.535,1808.63
2010-10-14,82.69,96.83,3.657,1801.8
2010-10-13,83.01,96.19,3.6959999999999997,1790.68
2010-10-12,81.67,95.36,3.629,1789.93
2010-10-11,82.21,95.73,3.601,1786.5
2010-10-08,82.66,95.31,3.651,1786.8
2010-10-07,81.67,95.62,3.617,1787.21
2010-10-06,83.23,95.63,3.865,1789.55
2010-10-05,82.82,95.13,3.743,1799.9
2010-10-04,81.47,95.43,3.727,1803.85
2010-10-01,81.58,96.05,3.797,1797.6
2010-09-30,79.97,95.94,3.872,1802.18
2010-09-29,77.86,95.64,3.9619999999999997,1800.18
2010-09-28,76.18,95.27,3.8369999999999997,1803.75
2010-09-27,76.52,95.2,3.8,1803.49
2010-09-24,76.49,94.75,3.8810000000000002,1802.2
2010-09-23,75.18,94.43,4.019,1811.58
2010-09-22,74.71,94.47,3.966,1803.18
2010-09-21,73.52,94.52,3.919,1805.0
2010-09-20,74.86,94.42,3.822,1800.7
2010-09-17,73.66,94.58,4.024,1799.15
2010-09-16,74.57,94.42,4.062,1810.7
2010-09-15,76.02,93.83,3.995,1807.28
2010-09-14,76.8,94.08,3.966,1790.35
2010-09-13,77.19,94.0,3.9379999999999997,1791.1
2010-09-10,76.45,93.25,3.883,1798.85
2010-09-09,74.25,93.17,3.768,1804.33
2010-09-08,74.67,93.5,3.814,1804.9
2010-09-07,74.09,93.88,3.852,1807.48
2010-09-03,74.6,94.13,3.939,1808.7
2010-09-02,75.02,94.0,3.751,1813.18
2010-09-01,73.91,94.1,3.762,1811.91
2010-08-31,71.92,94.15,3.816,1826.45
2010-08-27,75.17,90.4,3.651,1817.48
2010-08-26,73.36,89.75,3.817,1816.3
2010-08-25,72.52,89.65,3.871,1818.0
2010-08-24,71.63,89.7,4.039,1817.1
2010-08-23,73.1,89.3,4.066,1812.93
2010-08-20,73.46,89.7,4.117,1820.0
2010-08-19,74.43,89.35,4.171,1817.75
2010-08-18,75.42,88.75,4.239,1811.75
2010-08-17,75.77,89.5,4.267,1807.0
2010-08-16,75.24,88.7,4.228,1824.5
2010-08-13,75.39,88.1,4.328,1836.95
2010-08-12,75.74,88.85,4.296,1825.15
2010-08-11,78.02,89.3,4.326,1801.2
2010-08-10,80.25,90.1,4.297,1808.7
2010-08-09,81.48,90.55,4.309,1808.45
2010-08-06,80.7,91.25,4.467,1816.1
2010-08-05,82.01,91.8,4.598,1818.35
2010-08-04,82.47,93.65,4.737,1822.98
2010-08-03,82.55,94.5,4.639,1831.6
2010-08-02,81.34,94.85,4.701,1832.4
2010-07-30,78.95,96.2,4.923,1843.5
2010-07-29,78.36,96.3,4.827,1843.25
2010-07-28,76.99,95.65,4.774,1844.51
2010-07-27,77.5,95.95,4.675,1849.9
2010-07-26,78.98,96.05,4.612,1858.9
2010-07-23,78.98,95.95,4.58,1868.25
2010-07-22,79.3,95.95,4.643,1862.4
2010-07-21,76.56,96.15,4.513,1867.4
2010-07-20,77.44,96.55,4.59,1874.5
2010-07-19,76.54,96.6,4.51,1875.4
2010-07-16,76.01,96.85,4.519,1877.85
2010-07-15,76.62,97.15,4.586,1870.4
2010-07-14,77.04,97.05,4.306,1871.65
2010-07-13,77.15,96.8,4.354,1872.65
2010-07-12,74.95,97.05,4.388,1877.9
2010-07-09,76.09,97.15,4.402,1873.55
2010-07-08,75.44,97.1,4.399,1884.98
2010-07-07,74.07,96.4,4.5649999999999995,1906.2
2010-07-06,71.98,97.1,4.682,1893.1
2010-07-02,72.14,97.65,4.687,1888.6
2010-07-01,72.95,98.15,4.854,1898.6
2010-06-30,75.63,98.9,4.616,1900.11
2010-06-29,75.94,99.15,4.548,1920.35
2010-06-28,78.25,99.1,4.717,1906.0
2010-06-25,78.86,99.65,4.861,1899.6
2010-06-24,76.51,99.15,4.748,1896.3
2010-06-23,76.35,99.5,4.804,1895.68
2010-06-22,77.21,99.2,4.756,1889.3
2010-06-21,77.82,99.9,4.873,1893.03
2010-06-18,77.18,100.15,4.997,1909.6
2010-06-17,76.79,100.4,5.162,1902.28
2010-06-16,77.67,100.45,4.978,1911.15
2010-06-15,76.94,100.3,5.189,1919.25
2010-06-14,75.12,100.75,5.006,1924.0
2010-06-11,73.78,99.9,4.781,1924.56
2010-06-10,75.48,99.9,4.647,1926.45
2010-06-09,74.38,99.45,4.677,1940.8
2010-06-08,71.99,99.4,4.808,1960.62
2010-06-07,71.44,99.65,4.916,1965.6
2010-06-04,71.51,99.3,4.797,1966.15
2010-06-03,74.61,99.0,4.6899999999999995,1958.93
2010-06-02,72.86,98.75,4.424,1966.28
2010-06-01,72.58,99.05,4.248,1971.54
2010-05-28,73.97,101.6,4.341,1971.93
2010-05-27,74.55,100.95,4.294,1969.0
2010-05-26,71.51,100.2,4.155,1973.81
2010-05-25,68.75,101.35,4.051,1993.15
2010-05-24,70.21,101.75,4.017,1977.73
2010-05-21,70.04,100.6,4.035,1991.28
2010-05-20,68.01,100.25,4.106,2011.45
2010-05-19,69.87,99.5,4.158,1999.75
2010-05-18,69.41,101.65,4.342,1982.0
2010-05-17,70.08,100.9,4.398,1978.5
2010-05-14,71.61,101.5,4.312,1980.05
2010-05-13,74.4,101.0,4.339,1951.96
2010-05-12,75.65,100.95,4.284,1963.6
2010-05-11,76.37,101.65,4.131,1973.2
2010-05-10,76.8,104.4,4.17,1987.63
2010-05-07,75.11,103.4,4.015,2024.0
2010-05-06,77.11,105.75,3.9290000000000003,2018.13
2010-05-05,79.97,109.5,3.991,1996.58
2010-05-04,82.74,109.5,4.013,1987.51
2010-05-03,86.19,107.5,4.0,1973.55
2010-04-30,86.15,103.85,3.92,1956.75
2010-04-29,85.17,104.75,3.98,1959.5
2010-04-28,83.22,102.9,4.271,1976.9
2010-04-27,82.44,104.95,4.216,1964.0
2010-04-26,84.2,104.25,4.2620000000000005,1947.8
2010-04-23,85.12,102.2,4.257,1951.05
2010-04-22,83.7,101.9,4.128,1953.84
2010-04-21,83.68,101.0,3.955,1947.95
2010-04-20,83.45,98.7,3.975,1947.55
2010-04-19,81.45,97.8,3.944,1951.6
2010-04-16,83.24,97.95,4.039,1946.9
2010-04-15,85.51,97.75,3.985,1937.7
2010-04-14,85.84,98.2,4.199,1947.3
2010-04-13,84.05,97.9,4.16,1941.6
2010-04-12,84.34,98.5,4.008,1924.4
2010-04-09,84.92,98.75,4.07,1928.75
2010-04-08,85.39,98.8,3.909,1922.8
2010-04-07,85.88,99.2,4.019,1929.68
2010-04-06,86.84,98.65,4.096,1915.18
2010-04-05,86.62,96.35,4.277,1910.2
2010-04-01,84.87,96.35,4.086,1918.5
2010-03-31,83.76,94.95,3.8689999999999998,1920.35
2010-03-30,82.37,94.45,3.973,1929.25
2010-03-29,82.17,93.9,3.842,1935.58
2010-03-26,80.0,94.65,3.872,1937.18
2010-03-25,80.53,94.4,3.981,1926.7
2010-03-24,80.61,94.45,4.105,1929.08
2010-03-23,81.91,94.45,4.13,1908.35
2010-03-22,81.25,94.45,4.079,1906.74
2010-03-19,80.68,94.55,4.169,1907.25
2010-03-18,82.2,94.75,4.085,1901.22
2010-03-17,82.93,94.65,4.303,1893.19
2010-03-16,81.7,94.7,4.3469999999999995,1900.55
2010-03-15,79.8,94.7,4.391,1893.6
2010-03-12,81.24,94.35,4.4,1899.65
2010-03-11,82.11,94.55,4.44,1892.88
2010-03-10,82.09,94.8,4.559,1892.0
2010-03-09,81.49,94.5,4.516,1887.35
2010-03-08,81.87,94.85,4.527,1897.23
2010-03-05,81.5,94.6,4.593,1896.5
2010-03-04,80.21,95.25,4.575,1917.6
2010-03-03,80.87,95.95,4.757,1927.5
2010-03-02,79.68,96.0,4.708,1896.38
2010-03-01,78.7,96.9,4.679,1912.14
2010-02-26,79.66,93.85,4.813,1926.56
2010-02-25,78.17,93.75,4.767,1942.68
2010-02-24,80.0,93.2,4.816,1935.35
2010-02-23,78.86,93.1,4.7780000000000005,1929.65
2010-02-22,80.16,92.7,4.895,1919.4
2010-02-19,79.81,92.7,5.044,1921.73
2010-02-18,79.06,92.2,5.172,1930.7
2010-02-17,77.33,92.05,5.386,1932.64
2010-02-16,77.01,92.05,5.31,1927.99
2010-02-12,74.13,91.4,5.468,1935.23
2010-02-11,75.28,90.5,5.396,1935.85
2010-02-10,74.52,90.6,5.292,1959.31
2010-02-09,73.75,91.15,5.29,1966.65
2010-02-08,71.89,90.6,5.401,2003.21
2010-02-05,71.19,91.1,5.515,2007.94
2010-02-04,73.14,91.3,5.416,1989.65
2010-02-03,76.98,92.9,5.419,1968.3
2010-02-02,77.23,93.4,5.454,1962.98
2010-02-01,74.43,92.85,5.434,1968.13
2010-01-29,72.89,95.3,5.131,1981.9
2010-01-28,73.64,94.6,5.138,1993.05
2010-01-27,73.67,94.65,5.274,1988.5
2010-01-26,74.71,95.2,5.485,1969.28
2010-01-25,75.26,95.95,5.7219999999999995,1959.65
2010-01-22,74.54,95.45,5.819,1968.9
2010-01-21,76.08,94.5,5.615,1974.9
2010-01-20,77.62,96.9,5.496,1965.15
2010-01-19,79.02,98.85,5.557,1957.6
2010-01-15,78.0,97.45,5.691,1969.63
2010-01-14,79.39,96.35,5.588,1971.43
2010-01-13,79.65,95.35,5.733,1972.2
2010-01-12,80.79,96.0,5.591,1960.68
2010-01-11,82.52,97.85,5.454,1964.5
2010-01-08,82.75,101.1,5.749,1966.75
2010-01-07,82.66,102.45,5.806,1968.62
2010-01-06,83.18,97.5,6.009,1972.12
2010-01-05,81.77,96.1,5.6370000000000005,1988.73
2010-01-04,81.51,92.45,5.884,2011.65
2009-12-30,79.28,89.6,5.709,2043.79
2009-12-29,78.87,88.95,5.814,2043.21
2009-12-28,78.77,87.75,5.99,2042.37
2009-12-24,78.05,81.6,5.643,2042.15
2009-12-23,76.67,81.6,5.821,2050.48
2009-12-22,74.4,81.7,5.715,2057.5
2009-12-21,72.47,81.5,5.6690000000000005,2037.2
2009-12-18,73.36,81.45,5.782,2027.7
2009-12-17,72.65,81.55,5.768,2019.44
2009-12-16,72.66,81.55,5.462,2002.75
2009-12-15,70.69,80.9,5.523,2001.7
2009-12-14,69.51,80.45,5.332,1989.18
2009-12-11,69.87,80.4,5.163,1995.41
2009-12-10,70.54,80.5,5.298,2010.0
2009-12-09,70.67,80.75,4.898,2020.98
2009-12-08,72.62,80.4,5.114,2001.13
2009-12-07,73.93,80.5,4.971,2005.5
2009-12-04,75.47,80.7,4.586,2007.98
2009-12-03,76.46,81.0,4.459,1992.38
2009-12-02,76.6,81.2,4.53,1993.0
2009-12-01,78.37,81.35,4.7620000000000005,1990.21
2009-11-30,77.28,81.8,4.848,2003.15
2009-11-27,76.05,80.1,5.192,1993.63
2009-11-25,77.96,80.25,5.163,1974.45
2009-11-24,76.02,79.7,4.486,1974.93
2009-11-23,77.56,80.35,4.473,1967.5
2009-11-20,76.72,80.4,4.424,1970.85
2009-11-19,77.46,80.1,4.342,1967.23
2009-11-18,79.58,80.2,4.254,1951.98
2009-11-17,79.14,80.15,4.53,1967.9
2009-11-16,78.9,79.7,4.614,1966.83
2009-11-13,76.35,78.55,4.392,1967.65
2009-11-12,76.94,77.8,4.37,1968.77
2009-11-11,79.28,78.1,4.503,1965.45
2009-11-10,79.05,76.85,4.467,1969.35
2009-11-09,79.43,77.0,4.67,1966.34
2009-11-06,77.43,76.65,4.595,1984.55
2009-11-05,79.62,75.75,4.782,1982.1
2009-11-04,80.4,75.25,4.725,1961.5
2009-11-03,79.6,75.0,4.922,1987.1
2009-11-02,78.13,74.15,4.824,1993.3
2009-10-30,77.0,72.3,5.045,1996.14
2009-10-29,79.87,72.45,5.062,1975.3
2009-10-28,77.46,72.05,4.289,2020.15
2009-10-27,79.55,72.05,4.557,1984.73
2009-10-26,78.68,71.7,4.513,1948.7
2009-10-23,80.5,72.4,4.787,1917.95
2009-10-22,81.19,71.95,4.947,1914.83
2009-10-21,81.37,71.7,5.1,1895.65
2009-10-20,79.09,70.9,5.161,1919.73
2009-10-19,79.61,71.4,4.835,1871.3
2009-10-16,78.53,71.4,4.781,1842.75
2009-10-15,77.58,71.7,4.482,1847.35
2009-10-14,75.18,71.9,4.436,1826.22
2009-10-13,74.15,72.1,4.588,1824.33
2009-10-12,73.27,72.0,4.88,1847.2
2009-10-09,71.77,71.5,4.77,1846.43
2009-10-08,71.69,71.95,4.963,1859.5
2009-10-07,69.57,71.95,4.904,1888.35
2009-10-06,70.88,71.55,4.88,1907.85
2009-10-05,70.41,70.55,4.987,1924.8
2009-10-02,69.95,70.45,4.718,1920.23
2009-10-01,70.82,71.05,4.466,1928.6
2009-09-30,70.61,71.1,4.841,1919.73
2009-09-29,66.71,69.55,4.875,1931.6
2009-09-28,66.84,69.7,3.73,1918.65
2009-09-25,66.02,67.95,3.985,1924.45
2009-09-24,65.89,67.95,3.955,1927.82
2009-09-23,68.97,68.35,3.86,1917.36
2009-09-22,71.55,68.55,3.609,1921.52
2009-09-21,69.71,68.25,3.576,1933.84
2009-09-18,72.04,68.4,3.778,1950.3
2009-09-17,72.47,68.85,3.458,1964.35
2009-09-16,72.51,68.4,3.76,1958.73
2009-09-15,70.93,67.7,3.32,1975.98
2009-09-14,68.86,67.1,3.297,1996.82
2009-09-11,69.29,67.0,2.96,1995.85
2009-09-10,71.94,67.5,3.2560000000000002,1993.7
2009-09-09,71.31,66.9,2.8289999999999997,2012.0
2009-09-08,71.1,66.5,2.807,2002.3
2009-09-04,68.02,66.35,2.7279999999999998,2020.98
2009-09-03,67.96,66.9,2.508,2024.83
2009-09-02,68.05,66.7,2.715,2055.58
2009-09-01,68.05,67.75,2.8209999999999997,2073.15
2009-08-31,69.96,68.6,2.977,2060.0
2009-08-28,72.74,72.35,3.033,2038.73
2009-08-27,72.49,72.7,2.843,2032.27
2009-08-26,71.43,72.75,2.91,2036.06
2009-08-25,72.05,72.7,2.882,2018.9
2009-08-24,74.37,72.7,2.923,2005.33
2009-08-21,73.89,72.9,2.8040000000000003,2000.95
2009-08-20,72.54,73.4,2.945,2015.4
2009-08-19,72.42,73.2,3.1189999999999998,2020.9
2009-08-18,69.19,73.3,3.096,2037.38
2009-08-17,66.75,73.5,3.163,2018.0
2009-08-14,67.51,73.65,3.238,2016.55
2009-08-13,70.52,74.35,3.336,2006.25
2009-08-12,70.16,73.95,3.479,2014.43
2009-08-11,69.45,73.95,3.541,2045.28
2009-08-10,70.6,73.85,3.641,2031.97
2009-08-07,70.93,74.05,3.674,2010.0
2009-08-06,71.94,74.25,3.743,2010.3
2009-08-05,71.97,73.65,4.042,1989.34
2009-08-04,71.42,73.75,4.001,1993.4
2009-08-03,71.58,70.63,4.031,2008.35
2009-07-31,69.45,73.7,3.653,2036.6
2009-07-30,66.94,73.3,3.743,2044.53
2009-07-29,63.35,73.5,3.379,2075.0
2009-07-28,67.23,73.85,3.535,2023.53
2009-07-27,68.38,74.4,3.604,1994.53
2009-07-24,68.05,74.4,3.695,1983.78
2009-07-23,67.16,74.25,3.55,1954.35
2009-07-22,65.4,73.75,3.793,1972.85
2009-07-21,64.72,74.6,3.705,1984.35
2009-07-20,63.98,73.6,3.689,2007.5
2009-07-17,63.56,74.5,3.669,2006.18
2009-07-16,62.02,74.0,3.668,2023.31
2009-07-15,61.54,73.0,3.283,2018.01
2009-07-14,59.52,72.7,3.429,2047.26
2009-07-13,59.69,72.15,3.263,2072.2
2009-07-10,59.89,72.5,3.373,2103.35
2009-07-09,60.41,71.6,3.408,2109.5
2009-07-08,60.14,71.0,3.3529999999999998,2116.6
2009-07-07,62.93,70.75,3.429,2095.79
2009-07-06,64.05,70.95,3.487,2104.5
2009-07-02,66.73,68.8,3.615,2098.43
2009-07-01,69.31,69.4,3.795,2085.8
2009-06-30,69.89,69.3,3.835,2143.15
2009-06-29,71.49,69.9,3.944,2150.65
2009-06-26,69.16,71.95,3.949,2145.05
2009-06-25,70.23,72.5,3.844,2169.0
2009-06-24,68.67,72.35,3.761,2174.23
2009-06-23,69.24,72.2,3.879,2159.75
2009-06-22,66.93,71.15,3.933,2082.5
2009-06-19,69.55,73.5,4.032,2115.75
2009-06-18,71.37,72.35,4.093,2090.31
2009-06-17,71.03,71.65,4.253,2076.38
2009-06-16,70.47,73.25,4.129,2037.45
2009-06-15,70.62,73.0,4.182,2017.87
2009-06-12,72.04,74.9,3.857,2015.17
2009-06-11,72.68,74.75,3.933,2015.93
2009-06-10,71.33,74.1,3.708,2053.73
2009-06-09,70.01,74.1,3.731,2055.18
2009-06-08,68.09,73.6,3.731,2091.48
2009-06-05,68.44,73.6,3.868,2064.0
2009-06-04,68.81,72.75,3.81,2057.75
2009-06-03,66.12,70.25,3.766,2086.4
2009-06-02,68.55,72.1,4.12,2064.15
2009-06-01,68.58,71.4,4.249,2100.45
2009-05-29,66.31,64.12,3.835,2137.15
2009-05-28,65.08,64.13,3.957,2175.55
2009-05-27,63.45,64.63,3.5380000000000003,2213.82
2009-05-26,62.45,64.83,3.537,2216.83
2009-05-22,61.67,65.55,3.515,2205.98
2009-05-21,61.05,65.3,3.6029999999999998,2205.3
2009-05-20,62.04,65.5,3.9699999999999998,2193.4
2009-05-19,59.65,64.25,3.914,2216.65
2009-05-18,59.03,63.75,4.139,2247.25
2009-05-15,56.34,63.35,4.098,2263.5
2009-05-14,58.62,63.5,4.292,2257.7
2009-05-13,58.02,63.0,4.333,2252.7
2009-05-12,58.85,63.5,4.449,2234.13
2009-05-11,58.5,62.63,4.302,2222.95
2009-05-07,56.71,63.42,4.081,2222.05
2009-05-06,56.34,62.13,3.887,2229.55
2009-05-05,53.84,63.5,3.615,2251.14
2009-05-01,53.2,62.4,3.5460000000000003,2293.4
2009-04-30,51.12,62.45,3.373,2292.9
2009-04-29,50.97,61.75,3.403,2292.4
2009-04-28,49.92,61.95,3.321,2329.05
2009-04-27,50.14,62.25,3.253,2342.25
2009-04-24,51.55,62.35,3.297,2289.73
2009-04-23,49.62,62.25,3.409,2303.75
2009-04-22,48.85,62.75,3.532,2316.65
2009-04-21,46.51,62.75,3.511,2329.75
2009-04-20,45.88,62.9,3.54,2378.8
2009-04-17,50.33,62.9,3.729,2343.0
2009-04-16,49.98,62.9,3.599,2348.1
2009-04-15,49.25,62.85,3.693,2371.78
2009-04-14,49.41,62.6,3.689,2390.55
2009-04-13,50.05,62.9,3.628,2384.4
2009-04-09,52.24,62.9,3.61,2412.0
2009-04-08,49.38,62.1,3.63,2411.35
2009-04-07,49.15,62.65,3.5620000000000003,2419.5
2009-04-06,51.05,62.35,3.732,2407.73
2009-04-03,52.51,63.75,3.801,2412.2
2009-04-02,52.64,64.15,3.782,2440.2
2009-04-01,48.39,62.0,3.695,2496.65
2009-03-31,49.66,61.1,3.776,2548.3
2009-03-30,48.41,60.0,3.739,2566.93
2009-03-27,52.38,61.5,3.6310000000000002,2492.55
2009-03-26,54.34,62.0,3.947,2434.9
2009-03-25,52.77,61.85,4.329,2414.3
2009-03-24,53.98,62.25,4.3469999999999995,2366.2
2009-03-23,53.8,62.15,4.294,2358.1
2009-03-20,51.06,62.25,4.227,2360.35
2009-03-19,51.61,62.9,4.174,2338.7
2009-03-18,48.14,61.75,3.684,2380.05
2009-03-17,49.16,61.85,3.8120000000000003,2389.15
2009-03-16,47.35,61.6,3.85,2385.16
2009-03-13,46.25,62.05,3.932,2447.33
2009-03-12,47.03,61.85,3.995,2464.05
2009-03-11,42.33,62.75,3.798,2506.53
2009-03-10,45.71,62.1,3.84,2525.88
2009-03-09,47.07,61.75,3.865,2552.6
2009-03-06,45.52,61.35,3.945,2555.5
2009-03-05,43.61,61.6,4.088,2568.57
2009-03-04,45.38,62.4,4.34,2565.8
2009-03-03,41.65,61.35,4.282,2608.85
2009-03-02,40.15,62.65,4.152,2589.13
2009-02-27,44.76,72.35,4.198,2544.3
2009-02-26,45.22,75.85,4.077,2549.36
2009-02-25,42.5,75.85,4.056,2578.1
2009-02-24,39.96,76.0,4.236,2582.3
2009-02-23,38.44,76.7,4.097,2584.2
2009-02-20,38.94,77.6,4.006,2582.7
2009-02-19,39.48,77.6,4.078,2555.8
2009-02-18,34.62,77.0,4.214,2555.35
2009-02-17,34.93,77.35,4.203,2562.5
2009-02-13,37.51,77.75,4.452,2501.05
2009-02-12,33.98,77.0,4.485,2528.2
2009-02-11,35.94,78.0,4.532,2535.2
2009-02-10,37.55,78.6,4.543,2500.45
2009-02-09,39.56,80.0,4.807,2459.8
2009-02-06,40.17,77.9,4.774,2457.6
2009-02-05,41.17,77.65,4.642,2452.8
2009-02-04,40.32,76.75,4.5969999999999995,2473.2
2009-02-03,40.78,76.0,4.513,2456.9
2009-02-02,40.08,77.25,4.557,2442.95
2009-01-30,41.68,82.6,4.417,2434.6
2009-01-29,41.44,82.9,4.576,2391.45
2009-01-28,42.16,82.65,4.476,2350.66
2009-01-27,41.58,83.05,4.503,2325.07
2009-01-26,45.73,82.25,4.49,2288.29
2009-01-23,46.47,82.0,4.518,2290.85
2009-01-22,43.67,81.75,4.681,2257.2
2009-01-21,43.55,81.35,4.78,2248.76
2009-01-20,38.74,81.25,4.642,2243.6
2009-01-16,36.51,83.5,4.801,2231.55
2009-01-15,35.4,80.9,4.843,2251.79
2009-01-14,37.28,80.15,4.97,2238.9
2009-01-13,37.78,80.1,5.184,2220.75
2009-01-12,37.59,78.8,5.542,2222.85
2009-01-09,40.83,76.9,5.516,2223.7
2009-01-08,41.7,79.15,5.583,2207.76
2009-01-07,42.63,78.65,5.872,2216.03
2009-01-06,48.58,81.25,5.983,2191.5
2009-01-05,48.81,77.65,6.072,2223.03
2009-01-02,46.34,74.35,5.971,2237.2
2008-12-31,44.6,75.65,5.622,2248.58
2008-12-30,39.03,75.1,5.859,2248.65
2008-12-29,40.02,75.2,6.136,2249.78
2008-12-24,35.35,77.95,5.91,2208.01
2008-12-23,38.98,77.9,5.737,2192.68
2008-12-22,39.91,77.85,5.294,2175.75
2008-12-19,33.87,77.45,5.334,2175.5
2008-12-18,36.22,77.5,5.548,2171.2
2008-12-17,40.06,78.0,5.619,2171.53
2008-12-16,43.6,77.4,5.751,2211.53
2008-12-15,44.51,77.4,5.645,2250.4
2008-12-12,46.28,76.0,5.4879999999999995,2264.05
2008-12-11,47.98,76.9,5.598,2267.25
2008-12-10,43.52,73.75,5.686,2305.91
2008-12-09,42.07,74.15,5.579,2312.05
2008-12-08,43.71,73.6,5.566,2337.0
2008-12-05,40.81,72.3,5.742,2337.0
